no,ticker,company,sector,industry,country,market_cap,pe,forward_pe,peg,ps,pb,pcash,pfree_cash_flow,dividend_yield,payout_ratio,eps_ttm,eps_growth_this_year,eps_growth_next_year,eps_growth_past_5_years,eps_growth_next_5_years,sales_growth_past_5_years,eps_growth_quarter_over_quarter,sales_growth_quarter_over_quarter,shares_outstanding,shares_float,insider_ownership,insider_transactions,institutional_ownership,institutional_transactions,float_short,short_ratio,return_on_assets,return_on_equity,return_on_investment,current_ratio,quick_ratio,lt_debtequity,total_debtequity,gross_margin,operating_margin,profit_margin,performance_week,performance_month,performance_quarter,performance_half_year,performance_year,performance_ytd,beta,average_true_range,volatility_week,volatility_month,20day_simple_moving_average,50day_simple_moving_average,200day_simple_moving_average,50day_high,50day_low,52week_high,52week_low,relative_strength_index_14,change_from_open,gap,ar,average_volume,relative_volume,price,change,volume,earnings_date,target_price,ipo_date,afterhours_close,afterhours_change,analyst_recom,rs_rating,returns_multiple,current_price,day_ma_20,day_ma_50,day_ma_200,low_52_week,high_52_week,sentiment_score,est_gl,my_score,in_sp1500
17,AAP,"Advance Auto Parts, Inc.",Consumer Cyclical,Specialty Retail,USA,14575.58,24.2,18.27,1.45,1.33,4.7,24.11,22.14,1.67%,25.10%,9.88,4.40%,10.47%,2.20%,16.70%,0.70%,25.90%,3.10%,62.85,62.08,0.10%,-4.84%,,-1.70%,4.89%,4.86,5.50%,19.10%,11.80%,1.2,0.3,0.32,0.0,45.10%,8.00%,5.90%,2.18%,-1.15%,15.14%,23.02%,49.61%,51.83%,1.26,5.84,2.09%,2.52%,3.46%,5.10%,15.94%,-1.61%,16.37%,-1.61%,67.06%,58.98,1.59%,0.00%,2.2,625.64,0.83,239.14,1.59%,522066,11/15/2021 4:30:00 PM,254.06,11/29/2001,239.14,0.00%,63.0,82,1.16,239.14,231.72,227.06,205.93,143.15,243.05,16.0,6.24,53.666666666666664,True
23,AAWW,"Atlas Air Worldwide Holdings, Inc.",Industrials,Airports & Air Services,USA,2535.64,5.15,6.79,0.51,0.67,0.97,,3.44,,0.00%,17.07,218.90%,-26.13%,115.40%,10.00%,12.00%,40.70%,25.50%,29.02,27.16,0.40%,-26.65%,,1.17%,13.77%,6.74,8.20%,20.50%,7.80%,0.8,0.8,0.64,0.9,57.00%,16.90%,13.20%,0.72%,0.16%,12.04%,24.45%,56.33%,61.09%,1.11,2.68,2.60%,2.89%,-1.09%,3.27%,19.77%,-7.52%,14.57%,-7.52%,74.95%,52.61,0.41%,0.10%,2.0,555.08,0.85,87.86,0.51%,472874,11/3/2021 8:30:00 AM,105.57,7/21/2004,87.86,0.00%,69.0,86,1.24,87.86,88.93,85.05,73.21,50.22,95.0,26.0,20.16,60.333333333333336,True
78,ACLS,"Axcelis Technologies, Inc.",Technology,Semiconductor Equipment & Materials,USA,2235.39,29.73,18.72,1.49,3.86,4.41,8.25,22.69,,0.00%,2.26,190.80%,34.27%,24.70%,20.00%,9.50%,155.80%,60.10%,33.54,32.68,2.50%,-6.45%,89.40%,0.83%,2.23%,2.05,11.80%,15.70%,9.80%,4.2,2.7,0.09,0.09,43.20%,16.40%,13.40%,-2.41%,8.80%,36.02%,63.47%,133.43%,130.94%,1.49,3.26,5.75%,5.15%,5.00%,16.84%,46.59%,-3.63%,48.98%,-3.63%,139.92%,61.67,5.56%,0.38%,1.8,355.26,1.34,67.25,5.96%,474285,11/3/2021 4:30:00 PM,78.33,7/11/2000,67.73,0.71%,75.0,97,1.83,67.25,64.16,57.28,45.77,28.03,69.79,20.0,16.48,64.0,True
79,ACM,AECOM,Industrials,Engineering & Construction,USA,10619.35,37.94,19.34,2.07,0.8,3.96,8.64,18.68,,0.00%,1.97,83.70%,15.42%,26.20%,18.29%,-5.20%,-87.10%,-6.00%,143.81,140.52,0.20%,-17.33%,88.50%,-0.90%,1.70%,2.59,1.40%,6.20%,11.00%,1.1,1.1,0.8,0.82,6.00%,4.70%,1.30%,0.78%,2.81%,13.32%,22.02%,56.02%,50.06%,1.48,1.89,2.06%,2.53%,3.25%,7.97%,14.31%,-1.64%,20.68%,-1.64%,60.27%,61.41,2.19%,-0.25%,1.6,918.11,1.7,74.7,1.94%,1564264,11/15/2021 8:30:00 AM,84.44,5/10/2007,74.7,0.00%,81.0,86,1.24,74.7,72.38,69.03,65.28,46.61,75.94,19.0,13.04,62.0,True
81,ACN,Accenture plc,Technology,Information Technology Services,Ireland,241284.12,40.99,33.4,3.82,4.77,12.17,29.52,39.16,0.94%,37.80%,9.15,16.00%,10.93%,7.30%,10.72%,7.70%,10.30%,23.80%,633.52,633.22,0.10%,-9.46%,73.90%,0.08%,0.56%,1.68,14.40%,31.50%,29.90%,1.3,1.3,0.0,0.0,32.40%,15.10%,11.70%,0.21%,1.86%,9.66%,31.79%,51.91%,43.68%,1.13,7.41,1.73%,1.99%,2.25%,5.13%,19.33%,-1.53%,17.09%,-1.53%,55.26%,57.8,1.37%,0.13%,2.1,2125.94,1.3,375.3,1.51%,2757711,12/16/2021 8:30:00 AM,383.96,7/19/2001,378.1,0.75%,66.0,84,1.19,375.3,366.87,355.92,313.94,241.73,379.93,27.0,2.31,59.0,True
131,ADTN,"ADTRAN, Inc.",Technology,Communication Equipment,USA,1051.13,689.03,32.61,299.58,1.95,2.86,13.46,,1.69%,997.50%,0.03,104.40%,151.92%,-33.00%,2.30%,-3.30%,-289.50%,3.80%,48.61,48.2,1.30%,0.39%,92.20%,-0.87%,3.14%,4.41,0.30%,0.50%,-0.30%,2.6,1.7,0.0,0.0,40.40%,-2.00%,0.30%,2.15%,-0.28%,9.88%,2.20%,45.80%,44.62%,1.31,0.8,3.67%,3.76%,1.71%,7.51%,7.92%,-5.49%,22.55%,-13.73%,50.42%,57.24,3.09%,0.00%,1.9,342.77,1.15,21.36,3.09%,393062,11/1/2021 4:30:00 PM,26.67,8/10/1994,21.36,0.00%,72.0,81,1.15,21.36,21.08,19.84,19.78,14.37,24.76,24.0,24.86,59.0,True
170,AFG,"American Financial Group, Inc.",Financial,Insurance - Property & Casualty,USA,11695.42,8.47,14.18,3.23,1.59,2.25,4.13,81.79,1.61%,7.30%,16.4,-16.70%,-6.04%,15.80%,2.62%,4.30%,158.50%,10.60%,84.8,66.68,0.20%,-33.84%,65.30%,-2.23%,1.01%,2.07,4.50%,38.40%,9.20%,,,0.37,0.37,,25.40%,31.70%,0.61%,-0.37%,13.97%,26.40%,98.68%,95.31%,0.96,3.11,1.54%,2.28%,0.39%,3.84%,20.11%,-4.57%,15.86%,-4.57%,116.05%,55.23,0.48%,0.01%,2.3,326.2,0.57,138.95,0.48%,187152,11/2/2021 4:30:00 PM,160.33,11/14/1978,138.95,0.00%,59.0,87,1.25,138.95,138.57,137.89,128.92,79.21,146.63,20.0,15.39,55.333333333333336,True
334,AMD,"Advanced Micro Devices, Inc.",Technology,Semiconductors,USA,176340.59,45.36,43.99,1.28,11.87,24.91,48.87,59.49,,0.00%,3.23,604.70%,26.38%,34.80%,35.32%,19.60%,133.20%,54.00%,1214.0,1202.52,0.50%,-18.34%,70.50%,1.04%,5.96%,1.36,38.90%,59.90%,40.90%,2.2,1.7,0.0,0.04,46.80%,19.90%,26.70%,0.87%,0.01%,37.92%,73.25%,50.84%,59.74%,1.91,8.09,5.95%,5.18%,-1.30%,9.95%,45.38%,-10.92%,45.99%,-10.92%,102.07%,53.87,8.47%,-0.40%,2.3,52663.69,1.37,146.5,8.04%,71887837,10/26/2021 4:30:00 PM,141.5,10/15/1979,146.94,0.30%,59.0,84,1.19,146.5,149.61,132.8,100.57,72.5,164.46,20.0,-3.41,54.333333333333336,True
345,AMN,"AMN Healthcare Services, Inc.",Healthcare,Medical Care Facilities,USA,5385.48,24.9,18.65,1.29,1.66,5.24,39.31,24.69,,0.00%,4.59,-38.10%,-13.35%,-2.40%,19.35%,10.30%,181.60%,59.10%,47.74,46.88,0.30%,-16.54%,96.60%,-0.08%,2.06%,1.93,8.50%,23.70%,7.60%,1.4,1.4,0.81,0.81,33.30%,10.40%,6.80%,0.95%,2.71%,2.15%,20.09%,65.38%,67.60%,0.26,4.94,3.84%,3.77%,0.75%,5.22%,17.37%,-8.21%,22.55%,-8.21%,71.50%,55.6,4.08%,-0.35%,1.7,500.42,0.71,114.39,3.71%,356249,11/4/2021 4:30:00 PM,133.33,11/13/2001,114.39,0.00%,78.0,89,1.31,114.39,113.89,108.98,97.31,66.7,124.62,15.0,16.56,60.666666666666664,True
348,AMP,"Ameriprise Financial, Inc.",Financial,Asset Management,USA,33319.37,16.09,12.1,0.64,2.59,6.08,4.27,264.44,1.52%,22.90%,18.54,-12.30%,10.68%,7.60%,25.18%,-0.40%,859.90%,-3.60%,116.4,111.63,0.30%,-19.05%,85.10%,-1.98%,1.33%,2.78,1.30%,39.30%,6.00%,,,0.88,4.19,42.30%,22.20%,17.40%,-0.78%,-3.07%,9.95%,21.75%,56.33%,53.47%,1.61,7.21,2.02%,2.45%,0.36%,0.75%,13.18%,-4.45%,12.10%,-4.45%,63.12%,51.72,1.62%,0.42%,1.9,534.16,1.0,298.24,2.05%,535882,10/26/2021 4:30:00 PM,338.22,9/15/2005,298.24,0.00%,72.0,86,1.24,298.24,298.22,295.59,263.21,182.83,312.15,27.0,13.41,61.666666666666664,True
381,ANET,"Arista Networks, Inc.",Technology,Computer Hardware,USA,41946.04,56.32,40.26,3.08,15.13,11.03,12.39,45.87,,0.00%,2.46,-24.90%,24.11%,36.70%,18.27%,22.60%,32.20%,23.70%,307.46,225.42,0.10%,-89.31%,65.90%,0.99%,1.71%,1.83,15.50%,21.90%,17.90%,5.1,4.4,0.0,0.0,63.90%,30.80%,28.30%,10.50%,5.01%,51.99%,49.89%,98.38%,90.88%,1.17,4.03,3.27%,3.03%,8.95%,19.88%,49.22%,3.37%,60.69%,3.37%,111.63%,71.96,5.28%,0.44%,2.3,2107.88,1.76,138.66,5.75%,3708449,11/1/2021 4:30:00 PM,127.28,6/6/2014,139.04,0.27%,59.0,94,1.53,138.66,127.64,114.89,92.65,65.52,135.14,17.0,-8.21,56.666666666666664,True
394,ANTM,"Anthem, Inc.",Healthcare,Healthcare Plans,USA,104826.53,19.91,15.52,1.49,0.78,3.05,19.09,12.46,1.02%,19.30%,22.28,-2.60%,9.89%,13.90%,13.38%,9.00%,602.40%,14.90%,246.0,241.16,0.20%,0.03%,92.40%,0.42%,0.84%,1.79,5.90%,16.00%,10.10%,,,0.61,0.64,,5.90%,4.10%,6.63%,2.11%,18.30%,17.40%,41.61%,38.14%,1.05,9.31,2.14%,2.18%,6.22%,7.01%,14.98%,0.83%,21.96%,0.83%,55.07%,67.01,1.80%,0.41%,1.9,1136.65,0.93,443.56,2.22%,1057574,10/20/2021 8:30:00 AM,468.78,10/30/2001,443.56,0.00%,72.0,79,1.12,443.56,418.29,413.49,385.22,286.04,441.96,14.0,5.69,55.0,True
456,ARCB,ArcBest Corporation,Industrials,Trucking,USA,2712.1,16.74,12.02,0.72,0.75,2.86,5.79,12.42,0.30%,4.80%,6.41,78.10%,14.72%,10.00%,23.30%,2.00%,115.20%,27.90%,25.63,25.15,0.70%,-7.22%,92.50%,-0.48%,5.35%,3.32,9.40%,19.40%,6.90%,1.5,1.5,0.18,0.25,77.00%,6.20%,4.80%,1.71%,-2.96%,46.42%,93.16%,152.51%,151.32%,1.53,5.0,4.69%,4.55%,0.31%,7.27%,39.64%,-8.18%,31.07%,-8.18%,160.16%,54.84,2.57%,0.30%,1.9,404.95,0.9,107.24,2.88%,362625,11/2/2021 8:30:00 AM,127.56,5/13/1992,108.0,0.71%,72.0,98,2.01,107.24,107.28,99.6,76.6,41.22,116.79,27.0,18.95,65.66666666666667,True
519,ASGN,ASGN Incorporated,Industrials,Staffing & Employment Services,USA,6451.53,29.8,21.17,2.98,1.63,3.53,9.5,19.37,,0.00%,4.13,14.80%,10.16%,22.80%,10.00%,13.90%,40.90%,18.70%,52.7,50.52,0.80%,-31.02%,99.40%,0.16%,1.11%,2.43,11.10%,22.40%,9.20%,2.4,2.4,0.56,0.56,27.90%,8.50%,9.60%,-4.23%,-3.01%,11.06%,25.53%,43.75%,47.23%,2.05,3.04,1.98%,2.49%,-1.67%,0.21%,14.09%,-6.12%,7.56%,-6.12%,54.67%,47.54,0.54%,0.04%,2.1,231.96,0.99,122.98,0.58%,229014,10/27/2021 4:30:00 PM,124.8,9/22/1992,122.98,0.00%,66.0,79,1.12,122.98,125.19,122.56,107.63,79.51,131.0,16.0,1.48,53.666666666666664,True
631,AVGO,Broadcom Inc.,Technology,Semiconductors,USA,243255.57,42.65,19.68,2.89,8.86,10.8,21.91,35.33,2.25%,121.50%,15.0,-2.10%,16.39%,5.00%,14.74%,28.50%,188.20%,16.40%,411.0,401.74,0.10%,-6.43%,82.30%,0.03%,1.15%,2.45,6.00%,19.10%,7.30%,2.4,2.2,1.65,1.66,61.40%,23.10%,16.70%,8.72%,13.10%,26.12%,35.80%,53.05%,46.14%,0.96,16.84,2.97%,2.44%,11.53%,17.81%,30.45%,-0.76%,34.61%,-0.76%,54.93%,72.87,3.95%,0.11%,2.0,1879.47,1.52,639.86,4.06%,2852667,12/9/2021 4:30:00 PM,653.93,8/6/2009,640.17,0.05%,69.0,83,1.18,639.86,572.18,540.72,489.94,416.96,644.75,15.0,2.2,55.666666666666664,True
684,AZO,"AutoZone, Inc.",Consumer Cyclical,Specialty Retail,USA,42159.98,19.84,17.66,1.42,2.78,,35.99,13.65,,0.00%,103.26,32.30%,11.56%,18.50%,14.00%,6.60%,16.70%,8.10%,21.12,20.89,0.10%,-78.22%,93.50%,0.02%,2.10%,2.5,14.80%,-139.10%,63.10%,0.9,0.2,,,52.60%,19.30%,14.00%,3.00%,7.15%,27.45%,47.29%,73.70%,72.81%,0.86,48.84,2.55%,2.42%,7.83%,12.10%,29.62%,0.98%,24.98%,0.98%,84.27%,69.7,2.87%,-0.40%,2.2,175.03,0.95,2048.59,2.45%,166026,12/7/2021 8:30:00 AM,2148.53,4/2/1991,2057.0,0.41%,63.0,90,1.35,2048.59,1898.52,1821.59,1576.66,1111.71,2052.23,17.0,4.88,56.666666666666664,True
770,BCPC,Balchem Corporation,Basic Materials,Specialty Chemicals,USA,5496.59,59.06,40.28,2.46,7.17,6.12,61.07,50.15,0.34%,20.00%,2.86,6.20%,15.56%,6.60%,24.00%,5.00%,15.50%,13.00%,32.19,32.13,0.77%,-8.30%,91.10%,1.33%,1.31%,3.66,8.00%,10.90%,9.00%,2.9,2.1,0.12,0.12,30.80%,16.00%,12.20%,1.50%,2.91%,22.04%,28.32%,50.36%,46.65%,0.56,3.59,1.90%,2.29%,2.33%,5.99%,22.00%,-3.05%,14.78%,-3.05%,58.97%,60.79,1.56%,0.31%,2.0,114.78,1.38,168.97,1.88%,158485,10/29/2021 8:30:00 AM,166.33,6/3/1986,168.97,0.00%,69.0,83,1.18,168.97,165.15,159.17,138.28,106.29,174.29,28.0,-1.56,60.0,True
819,BFS,"Saul Centers, Inc.",Real Estate,REIT - Retail,USA,1251.45,35.57,,4.68,5.23,4.76,105.16,27.44,4.25%,146.90%,1.46,-20.50%,,-2.50%,7.60%,2.00%,55.10%,2.60%,23.69,12.98,0.60%,-10.47%,46.40%,-0.09%,0.96%,4.26,2.00%,14.50%,3.80%,,,4.41,4.41,74.00%,23.90%,14.40%,-1.37%,-0.08%,17.24%,11.49%,49.77%,63.57%,1.07,1.49,2.63%,2.90%,0.32%,5.02%,14.81%,-4.85%,15.57%,-4.85%,74.77%,54.71,1.63%,0.47%,2.3,29.24,2.17,51.82,2.11%,63396,11/4/2021 4:30:00 PM,54.33,8/19/1993,51.82,0.00%,59.0,83,1.18,51.82,51.77,49.27,45.07,29.65,54.46,14.0,4.84,52.0,True
887,BJ,"BJ's Wholesale Club Holdings, Inc.",Consumer Defensive,Discount Stores,USA,9590.31,22.59,20.21,4.34,0.59,16.18,113.23,18.74,,0.00%,3.0,124.70%,4.97%,73.10%,5.20%,4.40%,3.80%,14.30%,135.58,135.52,0.90%,-13.51%,98.70%,-3.43%,5.51%,5.69,7.60%,92.80%,34.80%,0.8,0.2,1.32,1.32,18.60%,3.70%,2.60%,2.73%,8.62%,15.11%,44.81%,82.70%,81.87%,0.44,2.65,3.29%,4.36%,2.00%,9.35%,30.38%,-8.49%,27.06%,-8.49%,86.37%,57.26,2.59%,0.41%,2.2,1313.25,0.97,67.8,3.01%,1271250,11/18/2021 8:30:00 AM,78.21,6/28/2018,68.41,0.90%,63.0,92,1.43,67.8,66.36,61.8,51.87,36.71,74.09,18.0,15.35,57.666666666666664,True
922,BLD,TopBuild Corp.,Industrials,Engineering & Construction,USA,8943.03,28.83,20.22,1.27,2.84,5.77,27.27,25.15,,0.00%,9.54,33.50%,27.77%,28.80%,22.63%,11.00%,36.80%,21.30%,32.76,32.55,0.10%,-20.37%,97.80%,-0.55%,3.10%,4.8,10.70%,21.90%,13.60%,1.8,1.5,0.43,0.45,28.30%,14.20%,10.10%,-1.38%,2.78%,21.79%,51.26%,51.79%,49.48%,1.53,8.06,2.61%,3.11%,-0.00%,8.21%,25.51%,-3.11%,36.07%,-3.11%,57.87%,55.26,1.63%,0.11%,2.1,210.36,1.61,275.17,1.75%,339105,11/2/2021 8:30:00 AM,295.78,6/17/2015,275.17,0.00%,66.0,85,1.21,275.17,275.06,253.05,218.88,175.62,284.01,19.0,7.49,56.666666666666664,True
925,BLDR,"Builders FirstSource, Inc.",Industrials,Building Products & Equipment,USA,14644.01,10.61,12.15,0.56,0.82,2.89,65.17,17.87,,0.00%,7.38,40.30%,-28.69%,69.60%,18.80%,19.10%,309.50%,140.00%,204.27,188.52,1.00%,-0.53%,,-1.08%,4.29%,3.66,16.30%,33.20%,16.20%,2.1,1.3,0.44,0.44,28.30%,11.10%,8.00%,2.33%,16.81%,48.22%,81.87%,115.00%,91.77%,2.26,2.82,3.32%,3.67%,6.97%,20.15%,51.11%,-3.32%,52.46%,-3.32%,121.57%,66.83,1.72%,0.39%,1.5,2209.21,1.26,78.26,2.11%,2792917,11/4/2021 8:30:00 AM,91.07,6/22/2005,78.65,0.50%,84.0,96,1.72,78.26,72.72,64.67,51.63,35.45,80.95,16.0,16.37,65.33333333333333,True
1002,BOOT,"Boot Barn Holdings, Inc.",Consumer Cyclical,Apparel Retail,USA,3477.43,27.26,24.41,1.55,2.95,7.38,88.04,27.84,,0.00%,4.41,22.80%,-8.22%,40.60%,17.60%,9.40%,533.00%,69.50%,29.55,29.49,0.60%,-36.18%,,-1.74%,5.71%,4.07,13.90%,31.60%,13.20%,1.6,0.3,0.14,0.14,36.80%,15.10%,11.20%,-6.48%,-0.78%,34.18%,58.79%,190.59%,177.12%,2.85,6.03,6.91%,4.98%,-3.86%,6.65%,39.52%,-10.66%,32.70%,-10.66%,202.29%,49.55,0.81%,-0.17%,2.1,413.72,1.69,120.16,0.64%,698342,10/27/2021 4:30:00 PM,132.1,10/30/2014,120.16,0.00%,66.0,98,2.29,120.16,125.32,112.19,85.86,39.82,134.5,14.0,9.94,59.333333333333336,True
1035,BRKR,Bruker Corporation,Healthcare,Medical Devices,USA,12265.37,46.03,35.39,2.24,5.19,11.44,18.31,53.3,0.20%,9.00%,1.76,-18.90%,10.02%,11.20%,20.55%,4.10%,62.00%,19.10%,151.4,102.19,25.60%,-0.76%,70.10%,-0.52%,2.50%,2.47,8.80%,27.00%,10.20%,2.2,1.4,0.67,0.77,50.00%,17.00%,11.40%,-1.16%,-1.49%,-2.49%,11.51%,48.81%,49.99%,1.23,2.78,2.69%,3.62%,-0.14%,1.39%,7.07%,-6.91%,9.44%,-12.08%,53.80%,50.76,1.21%,0.38%,2.3,1032.92,0.77,81.19,1.59%,796593,11/1/2021 4:30:00 PM,88.27,8/4/2000,81.19,0.00%,59.0,82,1.17,81.19,81.44,80.02,75.74,52.79,92.35,13.0,8.72,51.333333333333336,True
1201,CALX,"Calix, Inc.",Technology,Software - Application,USA,4264.3,18.86,70.84,0.94,6.34,8.03,22.6,65.5,,0.00%,3.58,267.90%,-29.90%,25.00%,20.00%,5.80%,707.20%,14.40%,63.59,54.96,1.90%,-35.42%,81.10%,2.04%,2.65%,2.57,46.20%,65.70%,12.70%,3.2,2.6,0.0,0.0,52.70%,12.50%,36.00%,-3.31%,-5.19%,38.91%,50.81%,127.70%,127.08%,1.46,3.45,5.05%,4.79%,-1.96%,3.88%,35.79%,-11.78%,33.69%,-11.78%,140.84%,50.37,5.04%,0.03%,2.2,566.67,1.29,67.58,5.07%,731585,10/25/2021 4:30:00 PM,61.88,3/24/2010,67.58,0.00%,63.0,96,1.8,67.58,69.31,64.82,49.66,28.58,76.6,30.0,-8.43,63.0,True
1275,CCS,"Century Communities, Inc.",Consumer Cyclical,Residential Construction,USA,2647.79,6.46,5.23,0.71,0.66,1.7,5.38,28.2,0.74%,2.40%,12.5,69.30%,10.18%,26.70%,9.06%,33.90%,124.10%,20.60%,33.76,29.85,2.80%,-17.89%,87.30%,-0.90%,6.32%,6.15,14.30%,29.60%,10.80%,,,0.63,0.76,25.40%,15.60%,10.60%,-1.99%,12.01%,22.89%,28.77%,81.54%,84.44%,1.95,3.01,4.57%,3.92%,5.93%,15.40%,18.96%,-6.18%,34.16%,-6.18%,97.82%,62.04,3.16%,-0.43%,1.7,306.74,1.07,80.75,2.71%,329554,10/27/2021 4:30:00 PM,100.25,6/18/2014,80.75,0.00%,78.0,92,1.43,80.75,75.94,69.67,67.79,40.82,86.07,15.0,24.15,61.666666666666664,True
1292,CDNS,"Cadence Design Systems, Inc.",Technology,Software - Application,USA,49751.06,74.27,51.73,4.08,16.72,19.13,49.07,52.95,,0.00%,2.48,-40.10%,13.37%,21.20%,18.20%,9.50%,9.80%,12.60%,273.19,272.87,0.60%,-20.03%,88.30%,0.25%,0.97%,2.14,17.00%,27.20%,21.20%,1.7,1.6,0.13,0.0,89.60%,25.80%,23.30%,0.03%,1.06%,9.94%,40.76%,50.03%,35.07%,1.08,6.31,3.23%,3.31%,1.06%,6.74%,23.96%,-3.06%,25.15%,-3.06%,56.02%,54.24,4.28%,0.36%,2.3,1232.48,1.47,184.27,4.66%,1812450,10/25/2021 4:30:00 PM,175.42,6/10/1987,184.0,-0.15%,59.0,81,1.15,184.27,182.65,172.08,148.49,118.11,190.09,21.0,-4.8,53.666666666666664,True
1298,CDW,CDW Corporation,Technology,Information Technology Services,USA,26055.54,27.01,22.34,2.06,1.29,31.5,106.31,29.02,1.04%,22.20%,7.12,9.20%,9.95%,18.30%,13.10%,7.30%,43.30%,11.40%,137.3,133.3,0.20%,-30.11%,94.30%,-1.54%,1.27%,2.27,11.10%,93.00%,18.50%,1.4,1.2,4.82,4.86,17.20%,7.20%,5.00%,-3.35%,0.68%,-1.13%,13.54%,44.66%,45.80%,1.09,5.05,2.36%,2.67%,-0.98%,1.99%,6.54%,-4.18%,11.56%,-5.73%,53.16%,49.85,1.16%,0.14%,2.1,748.13,1.29,192.15,1.30%,966090,11/3/2021 8:30:00 AM,207.38,6/27/2013,192.15,0.00%,66.0,80,1.14,192.15,194.14,188.26,180.19,125.46,203.82,16.0,7.93,54.0,True
1425,CIEN,Ciena Corporation,Technology,Communication Equipment,USA,11318.78,23.35,23.86,2.99,3.13,3.96,8.01,23.03,,0.00%,3.19,44.10%,6.92%,88.60%,7.80%,7.60%,67.00%,1.20%,155.27,153.72,0.80%,-10.47%,93.30%,-2.67%,2.22%,2.74,8.40%,13.70%,10.60%,3.6,3.2,0.25,0.26,47.40%,13.60%,10.10%,19.77%,21.04%,38.53%,31.12%,53.45%,40.96%,0.8,2.19,3.57%,2.73%,17.04%,26.88%,33.13%,-1.26%,46.05%,-1.26%,56.78%,82.8,0.87%,-0.16%,1.9,1245.27,1.98,74.5,0.70%,2462384,12/9/2021 8:30:00 AM,79.4,2/7/1997,74.5,0.00%,72.0,85,1.21,74.5,63.05,58.28,55.85,47.52,74.49,15.0,6.58,57.333333333333336,True
1532,CNC,Centene Corporation,Healthcare,Healthcare Plans,USA,46404.81,67.42,15.46,7.09,0.38,1.84,3.46,8.22,,0.00%,1.24,-0.60%,5.46%,16.60%,9.51%,37.30%,2.30%,11.40%,583.24,576.73,1.80%,-2.00%,94.40%,-1.15%,1.77%,2.5,1.00%,2.80%,5.00%,,,0.7,0.71,,1.20%,0.60%,12.79%,10.96%,35.30%,12.14%,38.01%,38.81%,0.51,2.28,3.47%,2.92%,11.90%,17.02%,22.54%,1.35%,37.03%,1.35%,45.78%,74.78,1.67%,0.13%,1.8,4085.09,1.62,83.33,1.81%,6636694,10/26/2021 8:30:00 AM,85.89,12/13/2001,83.3,-0.04%,75.0,76,1.07,83.33,74.39,70.93,67.92,57.16,83.08,14.0,3.07,55.0,True
1611,COST,Costco Wholesale Corporation,Consumer Defensive,Discount Stores,USA,234419.73,50.18,40.86,5.03,1.2,14.27,19.25,188.29,0.56%,26.20%,11.27,25.00%,9.73%,16.20%,9.98%,10.50%,20.20%,17.40%,443.23,440.94,0.20%,-3.38%,69.10%,-0.53%,0.83%,1.69,8.20%,29.30%,19.60%,1.0,0.5,0.38,0.43,12.90%,3.20%,2.40%,6.67%,8.77%,22.05%,46.97%,52.06%,50.08%,0.63,14.34,3.25%,2.60%,5.04%,12.18%,33.00%,0.75%,28.74%,0.75%,84.20%,64.82,3.53%,0.16%,2.2,2169.63,1.35,565.48,3.69%,2929290,12/9/2021 4:30:00 PM,542.22,11/27/1985,565.18,-0.05%,63.0,84,1.2,565.48,537.47,502.14,424.12,307.0,561.27,15.0,-4.11,54.0,True
1638,CPRI,Capri Holdings Limited,Consumer Cyclical,Apparel Manufacturing,United Kingdom,9580.73,23.62,10.46,0.43,1.9,3.69,40.94,12.24,,0.00%,2.68,72.10%,13.22%,-15.90%,54.93%,-2.90%,61.20%,17.10%,151.86,147.4,0.50%,-44.23%,90.80%,-1.83%,3.26%,2.89,5.50%,17.30%,-1.30%,1.1,0.5,0.42,0.44,65.80%,9.50%,8.20%,-4.04%,-1.25%,19.81%,18.04%,56.78%,50.62%,2.54,2.83,4.57%,4.48%,-0.04%,7.57%,14.59%,-8.67%,32.40%,-8.67%,64.61%,52.59,1.33%,-1.01%,2.2,1660.87,0.91,63.26,0.30%,1519060,11/3/2021 8:30:00 AM,79.47,12/15/2011,63.26,0.00%,63.0,86,1.24,63.26,63.37,58.56,55.13,39.59,69.26,19.0,25.62,56.0,True
1712,CSL,Carlisle Companies Incorporated,Industrials,Building Products & Equipment,USA,12450.36,37.5,18.82,2.5,2.77,4.92,42.12,39.33,0.90%,29.80%,6.38,-28.40%,38.25%,3.90%,15.00%,3.70%,13.20%,24.50%,52.3,51.69,0.60%,-36.83%,90.40%,-0.84%,0.76%,1.49,6.10%,15.10%,8.60%,2.4,1.8,1.15,1.15,27.30%,11.00%,8.30%,-1.47%,-0.13%,21.08%,31.48%,54.55%,53.30%,1.07,4.86,2.13%,1.98%,1.12%,5.03%,20.48%,-2.19%,21.13%,-2.19%,66.83%,56.55,2.07%,0.02%,1.9,263.31,1.07,239.43,2.09%,282340,10/21/2021 4:30:00 PM,261.0,6/1/1960,239.43,0.00%,72.0,86,1.23,239.43,237.0,227.26,198.31,143.52,244.8,16.0,9.01,58.0,True
1719,CSR,Centerspace,Real Estate,Real Estate Services,USA,1585.07,,,,8.37,2.41,76.21,660.45,2.66%,,-0.37,-102.40%,-187.80%,53.74%,6.00%,4.10%,-161.90%,14.30%,14.06,13.93,0.93%,0.00%,82.00%,6.28%,1.07%,1.66,-0.20%,-0.60%,0.70%,,,1.34,1.34,55.70%,3.80%,-1.90%,-1.89%,3.70%,8.72%,38.36%,48.70%,53.27%,0.94,3.07,3.19%,2.74%,3.57%,6.01%,24.79%,-3.10%,13.82%,-3.10%,61.82%,57.96,4.10%,-0.24%,1.8,89.97,0.77,108.27,3.85%,68998,11/1/2021 4:30:00 PM,112.6,10/17/1997,108.27,0.00%,75.0,86,1.24,108.27,104.6,102.03,86.59,66.91,111.73,16.0,4.0,59.0,True
1761,CUBI,"Customers Bancorp, Inc.",Financial,Banks - Regional,USA,1932.66,6.84,9.36,0.68,2.68,1.7,1.74,6.23,,0.00%,8.8,82.30%,-27.76%,13.80%,10.00%,16.80%,116.90%,73.90%,32.45,29.8,6.40%,-23.70%,84.00%,0.63%,2.78%,2.55,1.30%,25.10%,5.30%,,,0.35,0.35,,83.90%,35.30%,3.88%,2.89%,54.01%,52.33%,255.93%,230.97%,1.59,2.47,4.56%,4.07%,4.45%,12.45%,47.35%,-2.13%,40.55%,-2.13%,270.34%,59.38,2.85%,0.50%,2.1,324.85,1.93,60.17,3.37%,627240,10/27/2021 4:30:00 PM,67.5,2/21/2012,60.52,0.58%,66.0,99,2.55,60.17,57.85,53.31,40.7,17.32,61.48,21.0,12.18,62.0,True
1775,CVCO,"Cavco Industries, Inc.",Consumer Cyclical,Residential Construction,USA,2813.7,26.38,18.65,0.88,2.19,3.9,11.57,30.22,,0.00%,11.8,1.80%,16.39%,21.20%,30.00%,9.20%,150.50%,39.30%,9.19,8.54,0.40%,-12.37%,95.50%,1.36%,1.39%,2.82,11.30%,15.80%,9.90%,2.2,1.6,0.02,0.03,22.90%,10.00%,8.50%,-2.23%,7.31%,23.89%,42.14%,72.52%,77.40%,1.05,10.87,3.58%,3.49%,1.43%,13.87%,29.81%,-4.89%,36.21%,-4.89%,82.17%,57.57,0.79%,-0.45%,2.3,42.06,1.1,311.25,0.34%,46159,11/4/2021 4:30:00 PM,345.67,6/20/2003,311.25,0.00%,59.0,91,1.38,311.25,305.92,272.0,239.32,170.86,327.24,14.0,11.06,54.666666666666664,True
1942,DFIN,"Donnelley Financial Solutions, Inc.",Financial,Capital Markets,USA,1488.64,18.45,9.69,1.84,1.53,4.18,12.11,8.75,,0.00%,2.41,-169.70%,-3.22%,-17.50%,10.00%,-3.10%,485.80%,18.20%,33.7,32.16,1.90%,-14.22%,94.20%,1.20%,1.00%,1.36,9.20%,28.10%,-0.40%,1.2,1.2,0.55,0.67,55.60%,15.60%,8.70%,-4.59%,-13.53%,28.11%,44.58%,138.89%,162.40%,1.97,1.84,3.40%,3.78%,-3.88%,3.50%,30.96%,-14.91%,28.40%,-14.91%,166.17%,48.03,2.11%,-0.07%,2.3,236.51,1.03,44.53,2.04%,243151,11/3/2021 8:30:00 AM,47.0,9/26/2016,44.53,0.00%,59.0,98,2.01,44.53,46.79,42.87,33.93,16.73,52.33,29.0,5.55,62.0,True
1974,DHR,Danaher Corporation,Healthcare,Diagnostics & Research,USA,226347.79,40.61,31.07,1.82,8.07,5.61,88.69,35.72,0.27%,9.70%,7.76,49.80%,3.13%,14.60%,22.30%,9.10%,32.10%,22.90%,715.1,634.98,0.20%,-48.59%,81.10%,0.15%,0.83%,2.16,7.30%,14.90%,6.60%,1.5,1.1,0.59,0.59,60.40%,24.60%,20.40%,-1.03%,5.11%,-2.78%,22.52%,41.14%,41.79%,0.71,8.14,2.31%,2.46%,-0.12%,2.05%,12.42%,-5.04%,11.49%,-5.68%,49.12%,51.49,1.40%,0.95%,1.9,2435.94,1.21,314.98,2.37%,2954146,10/21/2021 8:30:00 AM,348.08,12/10/1969,314.98,0.00%,72.0,79,1.12,314.98,314.78,308.39,279.76,211.22,333.96,17.0,10.51,56.0,True
1989,DIOD,Diodes Incorporated,Technology,Semiconductors,USA,4779.38,25.38,18.46,1.69,2.85,4.13,16.6,22.94,,0.00%,4.18,-36.30%,13.68%,30.90%,15.00%,7.70%,191.10%,52.30%,44.99,43.62,1.70%,-37.54%,97.80%,1.64%,1.23%,2.33,9.60%,18.40%,8.00%,2.4,1.7,0.19,0.22,36.00%,13.70%,11.50%,-4.56%,-2.41%,11.40%,35.47%,52.20%,50.38%,1.05,4.3,4.28%,4.16%,-1.51%,5.39%,22.25%,-6.98%,24.85%,-6.98%,60.90%,50.76,2.88%,0.19%,2.1,231.17,1.53,106.02,3.08%,353620,11/3/2021 4:30:00 PM,117.67,9/12/1967,106.02,0.00%,66.0,86,1.23,106.02,108.06,100.35,86.61,65.89,113.98,19.0,10.99,57.0,True
2066,DOV,Dover Corporation,Industrials,Specialty Industrial Machinery,USA,24754.81,26.44,20.83,1.71,3.22,6.35,33.49,32.7,1.17%,30.30%,6.49,1.90%,9.48%,4.70%,15.49%,-0.80%,31.50%,15.40%,143.98,142.67,0.30%,-4.77%,85.40%,-1.50%,0.89%,1.88,9.90%,26.00%,12.00%,1.6,1.1,0.79,0.0,37.90%,16.20%,12.30%,-0.10%,-1.05%,4.52%,17.78%,40.90%,35.98%,1.38,3.66,2.02%,2.07%,0.02%,1.65%,9.07%,-3.73%,10.92%,-3.73%,48.14%,52.27,1.60%,0.53%,2.3,675.44,1.2,171.67,2.14%,811961,10/19/2021 8:30:00 AM,185.38,12/3/1956,171.67,0.00%,59.0,79,1.12,171.67,171.91,168.65,157.18,115.88,178.32,21.0,7.99,53.0,True
2079,DRE,Duke Realty Corporation,Real Estate,REIT - Industrial,USA,23734.06,25.92,72.11,4.32,21.43,4.01,2397.38,,1.62%,41.90%,2.43,-31.60%,-60.16%,8.50%,6.00%,4.60%,575.70%,7.00%,379.22,374.26,0.10%,-2.57%,98.40%,-1.24%,1.35%,3.37,9.60%,16.90%,4.60%,,,0.57,0.57,69.40%,92.40%,82.80%,1.71%,8.66%,24.29%,28.83%,58.87%,57.32%,0.62,1.19,1.88%,1.96%,5.13%,10.85%,26.68%,-0.47%,28.83%,-0.47%,67.19%,70.7,0.91%,0.27%,2.1,1502.34,1.13,62.88,1.19%,1693115,10/27/2021 4:30:00 PM,63.06,2/6/1986,63.62,1.18%,66.0,86,1.24,62.88,59.61,56.47,49.52,37.61,63.4,14.0,0.29,55.333333333333336,True
2222,ECPG,"Encore Capital Group, Inc.",Financial,Mortgage Finance,USA,1658.25,5.94,6.7,0.46,1.14,1.27,10.48,,,0.00%,9.88,25.30%,-19.66%,21.00%,13.00%,5.70%,55.20%,-7.10%,30.23,28.71,0.90%,-0.38%,,-2.52%,17.71%,15.5,6.60%,23.80%,9.40%,,,2.0,2.0,77.60%,40.10%,21.50%,2.02%,-0.61%,24.38%,19.91%,47.76%,50.76%,1.42,1.54,3.07%,2.49%,0.31%,5.42%,23.51%,-3.34%,18.60%,-3.34%,101.03%,55.4,0.44%,0.12%,2.2,328.21,0.97,58.72,0.57%,316725,11/3/2021 4:30:00 PM,67.75,7/9/1999,58.72,0.00%,63.0,86,1.23,58.72,58.58,55.53,47.42,29.21,60.75,18.0,15.38,55.666666666666664,True
2277,EFX,Equifax Inc.,Industrials,Consulting Services,USA,35167.77,50.71,33.16,3.58,7.34,10.04,17.36,57.46,0.54%,26.80%,5.75,228.40%,15.67%,3.60%,14.15%,9.20%,-10.60%,14.50%,121.9,121.5,0.10%,-30.71%,93.10%,0.36%,1.27%,2.21,7.10%,21.00%,6.90%,1.5,1.5,1.4,1.55,59.60%,22.00%,14.80%,-1.16%,3.24%,6.39%,24.44%,50.59%,51.17%,1.43,7.18,2.23%,2.44%,1.57%,5.18%,19.61%,-2.87%,21.41%,-2.87%,80.09%,55.18,1.12%,0.02%,2.3,700.38,0.95,291.51,1.14%,662294,10/20/2021 4:30:00 PM,296.94,5/11/1971,291.51,0.00%,59.0,84,1.19,291.51,286.44,276.36,243.07,161.87,296.63,13.0,1.86,52.0,True
2308,EL,The Estee Lauder Companies Inc.,Consumer Defensive,Household & Personal Products,USA,129405.83,44.25,42.73,3.01,7.59,21.75,32.39,76.35,0.58%,25.30%,8.25,318.10%,14.54%,21.40%,14.71%,7.60%,32.10%,23.30%,362.2,230.0,0.20%,-77.93%,90.70%,-0.83%,1.36%,2.5,14.60%,52.70%,18.60%,1.8,1.3,0.87,0.91,76.10%,16.70%,17.80%,2.52%,4.90%,12.99%,21.75%,45.81%,37.17%,1.01,8.44,1.87%,2.31%,5.20%,8.92%,15.13%,0.67%,20.11%,0.67%,57.40%,64.99,2.49%,-0.14%,2.1,1252.28,0.81,365.12,2.34%,1019364,11/2/2021 8:30:00 AM,372.23,11/17/1995,364.94,-0.05%,66.0,78,1.11,365.12,346.89,334.29,316.82,231.97,362.7,17.0,1.95,53.666666666666664,True
2314,ELF,"e.l.f. Beauty, Inc.",Consumer Defensive,Household & Personal Products,USA,1619.48,91.08,39.15,12.74,4.38,5.4,38.84,83.48,,0.00%,0.34,-65.90%,13.51%,15.00%,7.15%,6.70%,447.40%,26.90%,50.88,47.84,2.10%,-38.22%,96.06%,4.32%,4.07%,4.15,3.70%,6.60%,3.00%,2.5,1.5,0.32,0.38,63.70%,6.10%,4.90%,-1.67%,-1.23%,3.38%,12.21%,47.15%,24.02%,2.01,1.0,3.19%,3.18%,-0.07%,0.96%,7.53%,-6.41%,9.27%,-6.41%,48.76%,51.31,1.96%,-0.45%,1.9,469.37,0.75,31.24,1.49%,351334,11/3/2021 4:30:00 PM,36.7,9/22/2016,31.24,0.00%,72.0,80,1.14,31.24,31.36,30.93,29.03,21.0,33.38,46.0,17.48,66.0,True
2382,ENVA,"Enova International, Inc.",Financial,Credit Services,USA,1430.26,3.33,7.02,,1.31,1.29,6.24,3.48,,0.00%,11.95,214.60%,-20.99%,54.40%,,0.90%,-56.00%,76.10%,36.74,35.54,1.90%,-8.95%,89.90%,-0.07%,3.13%,3.83,19.30%,42.30%,24.90%,15.9,15.9,0.95,0.95,,65.70%,40.30%,2.08%,-5.66%,23.04%,15.21%,66.21%,60.84%,1.56,1.45,3.27%,3.37%,1.81%,6.18%,13.60%,-8.34%,28.66%,-8.34%,81.01%,56.04,2.68%,0.57%,2.0,290.79,1.13,39.84,3.27%,328463,10/28/2021 4:30:00 PM,44.5,10/30/2014,40.33,1.23%,69.0,89,1.32,39.84,39.41,37.49,35.04,22.01,43.47,20.0,11.7,59.333333333333336,True
2486,ETN,Eaton Corporation plc,Industrials,Specialty Industrial Machinery,Ireland,66727.37,32.85,22.85,1.78,3.42,4.23,101.1,111.96,1.80%,58.00%,5.15,-33.60%,12.77%,-3.70%,18.45%,-3.10%,41.20%,8.80%,398.9,397.81,0.10%,-36.50%,82.90%,-0.32%,0.58%,1.47,6.00%,13.50%,6.80%,1.3,0.8,0.53,0.57,32.10%,15.20%,10.60%,-0.39%,-2.01%,6.26%,18.68%,45.24%,40.89%,1.19,3.77,2.14%,2.13%,0.04%,2.21%,10.03%,-3.68%,14.28%,-3.68%,48.75%,52.07,1.87%,0.79%,2.1,1567.25,1.41,169.26,2.68%,2206996,11/2/2021 8:30:00 AM,180.7,7/1/1923,169.26,0.00%,66.0,81,1.15,169.26,169.56,165.27,153.68,113.95,175.72,19.0,6.76,55.333333333333336,True
2585,EXP,Eagle Materials Inc.,Basic Materials,Building Materials,USA,6520.11,19.74,15.17,2.47,3.76,5.11,144.25,13.15,0.62%,6.00%,8.2,73.00%,16.66%,21.30%,8.00%,7.30%,13.80%,13.80%,41.22,40.26,0.80%,-28.94%,97.72%,-0.49%,2.11%,2.56,12.40%,25.90%,14.10%,2.5,1.4,0.62,0.62,26.80%,25.20%,19.90%,-1.48%,-0.01%,19.63%,17.45%,64.45%,59.79%,1.29,4.52,2.35%,2.54%,0.93%,6.39%,12.26%,-2.69%,22.29%,-2.69%,66.81%,55.1,1.01%,-0.45%,1.8,331.88,1.09,161.95,0.55%,362282,10/28/2021 8:30:00 AM,175.13,4/12/1994,161.5,-0.28%,75.0,89,1.3,161.95,160.59,151.75,144.1,97.09,166.42,14.0,8.14,59.333333333333336,True
2593,EXTR,"Extreme Networks, Inc.",Technology,Communication Equipment,USA,1924.46,81.23,14.62,4.06,1.85,24.8,10.06,13.51,,0.00%,0.17,101.40%,21.79%,15.40%,20.00%,14.20%,231.60%,13.50%,128.32,127.04,1.30%,-16.08%,85.40%,1.46%,4.29%,4.65,2.40%,52.10%,6.60%,0.9,0.9,4.11,4.47,58.20%,5.10%,2.30%,0.80%,16.23%,41.02%,25.25%,111.42%,101.60%,1.87,0.65,5.71%,5.23%,3.63%,18.71%,30.06%,-5.06%,45.60%,-5.06%,119.78%,60.04,4.36%,0.38%,2.2,1171.3,1.15,13.89,4.75%,1352213,11/2/2021 8:30:00 AM,15.5,4/9/1999,13.89,0.00%,63.0,95,1.65,13.89,13.37,11.65,10.66,6.57,14.63,18.0,11.59,58.666666666666664,True
2612,FAF,First American Financial Corporation,Financial,Insurance - Specialty,USA,8429.43,6.81,11.89,0.95,0.94,1.53,4.31,8.78,2.65%,16.70%,11.3,-1.00%,-14.38%,18.70%,7.18%,6.50%,147.50%,33.60%,110.96,106.53,0.90%,-2.58%,87.50%,-1.11%,1.49%,2.99,8.50%,24.30%,11.80%,,,0.4,0.4,,19.50%,14.00%,0.26%,2.18%,12.76%,21.58%,45.67%,49.06%,1.23,1.45,1.47%,1.93%,1.05%,3.42%,15.79%,-1.91%,13.94%,-1.91%,58.06%,57.36,0.30%,0.45%,2.3,528.31,1.09,76.96,0.75%,577900,10/21/2021 8:30:00 AM,82.4,5/24/2010,76.96,0.00%,59.0,80,1.14,76.96,76.15,74.27,66.36,48.69,78.46,20.0,7.07,53.0,True
2904,FORR,"Forrester Research, Inc.",Industrials,Consulting Services,USA,1108.97,58.2,24.05,5.82,2.31,5.52,7.58,12.05,,0.00%,1.0,201.90%,16.43%,-4.40%,10.00%,7.40%,217.10%,8.70%,19.13,11.22,0.80%,-17.07%,56.70%,-2.14%,1.89%,3.36,2.90%,9.90%,4.50%,0.9,0.9,0.43,0.49,59.00%,6.50%,4.00%,0.76%,-1.51%,22.56%,37.53%,35.95%,38.35%,0.98,1.66,2.60%,2.79%,0.46%,5.27%,22.07%,-4.80%,22.27%,-4.80%,59.24%,56.22,1.45%,0.14%,1.7,63.08,1.76,57.97,1.59%,110948,11/3/2021 4:30:00 PM,64.5,11/27/1996,57.97,0.00%,78.0,76,1.07,57.97,57.86,54.92,47.44,36.41,60.89,16.0,11.26,56.666666666666664,True
2911,FOXF,Fox Factory Holding Corp.,Consumer Cyclical,Recreational Vehicles,USA,7147.42,45.28,32.98,3.02,5.86,8.36,22.38,87.7,,0.00%,3.73,-6.50%,13.93%,27.50%,15.00%,19.40%,14.80%,33.30%,42.1,41.96,0.30%,-9.10%,,-0.28%,2.90%,7.49,11.30%,20.10%,9.10%,2.9,2.0,0.43,0.45,33.50%,15.70%,13.00%,-7.35%,-10.15%,16.65%,17.39%,71.11%,59.73%,1.73,5.82,3.17%,3.10%,-6.35%,-0.17%,10.02%,-11.27%,18.57%,-11.27%,76.57%,39.4,-1.99%,-0.14%,2.3,162.42,1.44,168.85,-2.13%,234355,11/4/2021 4:30:00 PM,190.14,8/8/2013,168.85,0.00%,59.0,90,1.33,168.85,180.79,168.53,153.23,97.1,190.29,19.0,12.61,56.0,True
2926,FR,"First Industrial Realty Trust, Inc.",Real Estate,REIT - Industrial,USA,8152.99,34.34,55.45,3.43,17.46,4.09,155.89,,1.69%,57.00%,1.86,-18.70%,-21.45%,18.20%,10.00%,4.10%,16.60%,4.20%,129.63,127.16,0.61%,0.00%,97.50%,-3.29%,1.19%,1.89,6.20%,12.30%,4.70%,,,0.79,0.79,72.10%,37.20%,51.40%,-0.06%,4.51%,17.87%,19.67%,51.83%,51.36%,0.9,1.08,1.68%,1.76%,3.04%,7.32%,19.50%,-0.69%,21.70%,-0.69%,59.11%,65.25,0.68%,0.36%,2.4,803.98,5.5,63.77,1.05%,4425060,10/20/2021 4:30:00 PM,64.36,6/24/1994,63.77,0.00%,56.0,84,1.19,63.77,61.78,59.22,53.26,40.08,64.17,49.0,0.93,63.0,True
3002,FTNT,"Fortinet, Inc.",Technology,Software - Infrastructure,USA,52379.39,101.2,73.05,6.01,16.75,49.24,16.78,41.82,,0.00%,3.33,54.70%,18.02%,129.90%,16.84%,20.80%,30.50%,33.20%,163.5,133.78,11.40%,-0.69%,70.60%,-1.62%,1.33%,1.78,10.60%,55.40%,55.40%,1.8,1.7,0.88,0.9,76.90%,19.30%,17.70%,4.45%,0.49%,10.76%,42.11%,155.48%,126.74%,1.15,16.1,4.63%,4.62%,3.43%,3.36%,28.07%,-5.23%,16.44%,-5.23%,160.22%,54.43,6.54%,0.10%,2.2,1001.12,1.62,336.78,6.64%,1623204,11/4/2021 4:30:00 PM,368.5,11/18/2009,337.0,0.07%,63.0,97,1.98,336.78,326.83,325.41,262.29,131.25,355.35,16.0,9.42,58.666666666666664,True
3018,FUL,H.B. Fuller Company,Basic Materials,Specialty Chemicals,USA,4108.95,27.97,18.82,1.51,1.3,2.66,60.34,21.86,0.85%,23.00%,2.81,-6.40%,20.49%,6.60%,18.55%,6.00%,-26.90%,19.60%,53.05,52.21,0.50%,-13.35%,98.00%,0.32%,2.02%,3.46,3.60%,10.20%,5.60%,1.7,1.0,1.04,1.06,25.90%,7.90%,4.80%,0.09%,-0.52%,26.07%,17.30%,49.70%,51.46%,1.72,1.71,1.96%,2.07%,2.31%,7.90%,17.23%,-1.93%,24.05%,-1.93%,57.79%,60.85,1.76%,0.19%,2.0,304.07,0.9,78.58,1.96%,273085,9/22/2021 4:30:00 PM,77.86,11/1/1982,78.58,0.00%,69.0,83,1.18,78.58,76.94,72.6,66.93,49.8,80.13,14.0,-0.92,55.333333333333336,True
3044,FWRD,Forward Air Corporation,Industrials,Integrated Freight & Logistics,USA,3018.64,33.83,21.98,2.57,1.94,5.58,58.16,81.36,0.73%,30.00%,3.39,-34.20%,27.03%,1.10%,13.16%,5.80%,82.80%,26.40%,27.03,26.68,0.30%,-3.40%,,-0.95%,1.92%,3.55,7.20%,13.80%,8.60%,1.8,,0.29,0.29,43.20%,8.40%,4.90%,4.36%,8.09%,36.78%,26.07%,54.09%,49.26%,1.18,3.55,3.28%,3.22%,7.81%,15.12%,24.51%,-2.26%,38.92%,-2.26%,61.69%,66.48,1.81%,-0.16%,2.0,144.4,1.43,114.69,1.65%,207130,10/27/2021 4:30:00 PM,119.17,11/16/1993,114.69,0.00%,69.0,84,1.2,114.69,106.04,99.05,91.99,70.93,117.34,14.0,3.91,55.666666666666664,True
3246,GMS,GMS Inc.,Industrials,Building Products & Equipment,USA,2479.71,13.7,8.67,0.56,0.64,2.63,41.82,137.0,,0.00%,4.23,344.10%,-7.64%,45.10%,24.60%,12.20%,156.90%,41.50%,43.13,42.52,0.40%,301.93%,,-0.72%,1.56%,2.66,7.30%,21.70%,8.90%,2.1,1.3,1.12,1.17,32.10%,7.70%,4.80%,-3.84%,0.94%,27.44%,40.63%,104.63%,89.99%,2.01,2.25,3.34%,3.67%,-1.17%,8.24%,22.12%,-6.28%,32.70%,-6.28%,109.59%,52.34,2.77%,-0.16%,2.1,249.6,1.2,57.91,2.60%,299895,12/2/2021 8:30:00 AM,68.14,5/26/2016,57.91,0.00%,66.0,95,1.64,57.91,58.65,53.28,47.32,27.63,61.79,18.0,17.67,59.666666666666664,True
3297,GPI,"Group 1 Automotive, Inc.",Consumer Cyclical,Auto & Truck Dealerships,USA,3589.42,6.48,5.8,,0.27,1.84,12.09,3.34,0.68%,4.20%,30.67,65.70%,-0.38%,31.80%,-3.00%,0.40%,36.50%,15.40%,17.8,17.38,1.20%,-24.31%,98.88%,2.67%,10.63%,10.4,11.00%,32.60%,10.00%,1.5,0.7,0.67,0.86,17.30%,6.10%,4.10%,-1.59%,-3.14%,11.43%,33.55%,64.12%,51.64%,1.72,7.8,3.37%,4.32%,-0.28%,1.96%,15.33%,-6.30%,13.56%,-6.30%,72.64%,50.57,2.37%,0.14%,1.9,177.76,1.17,198.86,2.52%,207659,10/28/2021 8:30:00 AM,270.5,10/30/1997,198.86,0.00%,72.0,88,1.28,198.86,200.22,195.1,172.24,115.19,212.23,21.0,36.03,60.333333333333336,True
3463,HD,"The Home Depot, Inc.",Consumer Cyclical,Home Improvement Retail,USA,421687.77,27.27,25.17,1.88,2.86,411.93,83.22,80.55,1.62%,43.00%,14.95,16.50%,4.83%,16.90%,14.50%,8.30%,23.20%,9.80%,1049.0,1043.6,0.10%,-11.38%,72.20%,-0.72%,1.08%,3.32,22.20%,782.10%,34.90%,1.1,0.4,35.47,37.82,33.70%,15.10%,10.80%,-0.84%,9.90%,21.23%,34.54%,52.18%,53.53%,0.99,8.76,2.00%,2.23%,0.27%,7.92%,22.66%,-3.04%,25.33%,-3.04%,65.38%,58.88,1.79%,-0.39%,2.1,3382.41,1.28,407.81,1.39%,4338142,11/16/2021 8:30:00 AM,407.6,9/22/1981,407.63,-0.04%,66.0,84,1.19,407.81,405.29,376.42,331.77,246.59,420.61,17.0,-0.05,55.666666666666664,True
3546,HLIT,Harmonic Inc.,Technology,Communication Equipment,USA,1132.42,155.21,22.63,8.0,2.35,4.11,8.82,19.32,,0.00%,0.07,-356.40%,55.10%,-11.00%,19.40%,0.10%,126.10%,33.10%,102.1,99.71,1.90%,-26.33%,96.10%,5.32%,10.09%,12.89,1.10%,2.60%,-4.10%,1.4,1.2,0.41,0.56,52.70%,4.10%,1.40%,2.32%,2.32%,22.04%,36.05%,54.99%,49.12%,0.79,0.42,3.62%,4.03%,1.46%,9.17%,26.22%,-5.25%,28.74%,-5.25%,65.96%,58.32,3.47%,0.28%,2.2,780.79,0.97,11.02,3.77%,755112,11/1/2021 4:30:00 PM,12.5,5/23/1995,11.02,0.00%,63.0,86,1.23,11.02,10.89,10.06,8.72,6.64,11.63,36.0,13.43,61.666666666666664,True
3648,HUBG,"Hub Group, Inc.",Industrials,Integrated Freight & Logistics,USA,2839.51,25.7,16.86,1.22,0.72,2.22,12.31,32.9,,0.00%,3.24,-31.50%,23.76%,2.10%,21.10%,-0.20%,73.50%,16.30%,33.43,32.87,0.50%,0.00%,98.50%,2.96%,1.26%,2.55,5.00%,9.10%,5.80%,1.4,1.4,0.13,0.21,12.50%,3.90%,2.80%,0.56%,-2.57%,18.96%,27.23%,45.42%,46.09%,0.97,2.28,2.13%,2.90%,0.85%,4.82%,18.35%,-4.28%,19.49%,-4.28%,59.06%,55.79,-0.29%,0.36%,2.1,162.06,1.27,83.27,0.07%,205136,10/28/2021 4:30:00 PM,88.27,3/13/1996,83.27,0.00%,66.0,81,1.15,83.27,82.65,79.17,70.23,52.35,86.99,22.0,6.0,56.333333333333336,True
3700,HZO,"MarineMax, Inc.",Consumer Cyclical,Specialty Retail,USA,1251.87,8.55,8.17,0.28,0.61,2.11,5.63,3.6,,0.00%,6.77,101.00%,-4.32%,49.40%,30.00%,17.00%,27.90%,15.90%,21.74,21.32,2.50%,-5.52%,,-1.32%,11.22%,9.29,16.10%,28.50%,23.70%,2.1,1.1,0.08,0.13,32.00%,10.10%,7.50%,2.39%,1.76%,16.87%,27.20%,73.15%,65.14%,1.7,2.17,4.21%,4.04%,4.44%,9.47%,11.72%,-0.52%,25.48%,-18.39%,86.43%,59.81,6.66%,-0.71%,2.4,257.53,1.59,57.85,5.89%,408403,10/26/2021 8:30:00 AM,63.2,6/3/1998,57.85,0.00%,56.0,89,1.31,57.85,55.59,52.8,51.76,33.5,70.89,18.0,9.25,54.333333333333336,True
3983,INTU,Intuit Inc.,Technology,Software - Application,USA,179982.79,85.61,47.45,4.92,17.45,18.16,55.38,68.83,0.36%,30.80%,7.56,9.20%,16.59%,20.00%,17.40%,15.50%,10.20%,51.70%,273.0,265.44,0.20%,-15.32%,83.20%,-1.13%,0.67%,1.23,13.80%,21.80%,16.90%,2.1,2.1,0.21,0.0,82.10%,24.10%,20.30%,-3.80%,3.41%,13.02%,36.39%,79.64%,70.46%,1.05,23.01,3.05%,3.33%,-2.34%,5.09%,27.30%,-9.68%,23.53%,-9.68%,81.02%,49.76,0.35%,0.90%,1.9,1432.4,1.74,647.49,1.25%,2494567,11/18/2021 4:30:00 PM,742.37,3/12/1993,647.49,0.00%,72.0,91,1.38,647.49,661.25,613.4,507.34,357.69,716.86,17.0,14.65,60.0,True
4027,IQV,IQVIA Holdings Inc.,Healthcare,Diagnostics & Research,USA,51150.8,68.2,26.43,3.08,3.78,8.81,32.5,21.6,,0.00%,3.93,49.50%,13.89%,-14.20%,22.13%,14.60%,157.90%,21.70%,191.5,190.14,0.72%,-29.03%,90.80%,-0.59%,1.24%,2.96,3.20%,13.00%,3.50%,0.9,0.9,2.07,2.09,33.20%,8.80%,5.70%,-1.50%,6.47%,3.98%,8.85%,55.49%,49.63%,1.4,6.45,2.17%,2.46%,0.91%,4.50%,11.76%,-1.77%,13.61%,-1.77%,59.90%,55.8,1.58%,0.48%,1.7,793.87,1.05,268.1,2.08%,836370,10/21/2021 8:30:00 AM,300.22,5/9/2013,268.1,0.00%,78.0,85,1.21,268.1,265.07,256.05,239.54,170.0,272.93,15.0,11.98,59.333333333333336,True
4041,IRT,"Independence Realty Trust, Inc.",Real Estate,REIT - Residential,USA,2621.53,84.9,98.99,16.98,11.51,3.44,301.33,,1.96%,163.70%,0.29,-69.30%,21.08%,-27.50%,5.00%,14.20%,833.00%,12.20%,104.92,104.18,0.89%,0.00%,,14.94%,18.72%,23.73,1.60%,4.00%,2.60%,,,1.36,1.37,58.30%,18.90%,12.80%,-3.97%,-4.49%,20.62%,32.59%,75.65%,82.06%,0.93,0.71,3.32%,2.92%,-2.08%,3.30%,26.06%,-5.45%,20.15%,-5.45%,89.83%,49.12,2.56%,-1.57%,2.2,821.54,2.25,24.45,0.95%,1846498,10/27/2021 4:30:00 PM,25.08,8/13/2013,24.45,0.00%,63.0,92,1.41,24.45,25.01,23.6,19.34,12.88,25.86,48.0,2.58,67.66666666666667,True
4069,IT,"Gartner, Inc.",Technology,Information Technology Services,USA,26025.63,40.64,45.92,1.88,5.73,81.87,34.0,20.39,,0.00%,8.06,15.60%,-17.84%,7.50%,21.60%,13.60%,831.30%,16.30%,83.57,79.77,2.60%,-3.31%,94.00%,-1.68%,1.30%,2.11,9.90%,99.00%,12.60%,0.7,0.7,7.35,7.36,69.30%,20.00%,15.50%,2.65%,-1.85%,3.66%,40.03%,107.52%,104.44%,1.54,9.95,3.23%,3.04%,2.15%,2.05%,23.93%,-11.25%,9.21%,-11.25%,118.71%,54.41,4.21%,0.09%,2.1,493.08,0.97,327.49,4.30%,476598,11/2/2021 8:30:00 AM,358.33,10/5/1993,327.49,0.00%,66.0,95,1.64,327.49,321.95,320.89,263.63,149.74,369.0,13.0,9.42,58.0,True
4169,JCI,Johnson Controls International plc,Industrials,Engineering & Construction,Ireland,55151.02,37.48,20.07,1.93,2.33,3.19,41.28,47.02,1.37%,46.90%,2.1,150.60%,19.09%,13.90%,19.45%,2.60%,-37.20%,7.40%,711.8,694.56,0.30%,-16.63%,92.00%,-1.68%,0.91%,1.77,3.90%,9.30%,7.70%,1.1,0.9,0.43,0.44,34.10%,11.90%,6.90%,-1.13%,0.40%,4.42%,19.28%,70.81%,68.79%,1.1,1.61,1.85%,1.94%,0.17%,4.68%,13.63%,-3.09%,15.72%,-3.09%,75.11%,55.1,0.94%,0.17%,2.1,3567.55,0.95,78.64,1.11%,3384697,11/5/2021 8:30:00 AM,83.44,11/14/1967,78.8,0.20%,66.0,90,1.35,78.64,78.52,74.93,69.1,45.35,81.15,22.0,6.1,59.333333333333336,True
4328,KEYS,"Keysight Technologies, Inc.",Technology,Scientific & Technical Instruments,USA,37350.15,42.58,29.61,3.55,7.56,10.01,17.35,34.11,,0.00%,4.79,2.00%,13.64%,2.00%,12.00%,8.10%,47.40%,23.20%,184.0,183.29,0.60%,-15.42%,89.40%,-1.34%,2.43%,4.81,9.90%,21.30%,11.30%,3.2,2.6,0.48,0.48,62.10%,18.40%,15.20%,0.90%,8.41%,13.48%,36.60%,65.36%,54.45%,0.96,5.29,2.57%,2.79%,3.50%,10.68%,26.31%,-0.72%,28.25%,-0.72%,67.06%,61.37,2.52%,0.51%,2.1,925.5,1.17,204.01,3.04%,1082034,11/22/2021 4:30:00 PM,205.86,10/20/2014,204.01,0.00%,66.0,88,1.29,204.01,196.61,183.59,161.23,122.12,204.05,19.0,0.91,57.666666666666664,True
4353,KLAC,KLA Corporation,Technology,Semiconductor Equipment & Materials,USA,61949.7,23.21,19.38,1.39,8.3,16.17,23.6,36.21,1.02%,21.10%,17.66,73.60%,0.27%,24.40%,16.66%,18.30%,159.10%,35.40%,152.33,151.4,0.20%,-19.00%,90.00%,-0.02%,1.85%,2.45,26.50%,82.10%,32.30%,2.4,1.8,0.89,0.89,60.80%,37.30%,36.50%,-2.70%,-0.76%,10.18%,28.73%,57.05%,58.32%,1.21,12.98,3.29%,3.16%,-0.23%,7.63%,21.35%,-4.28%,28.91%,-4.28%,62.65%,54.15,2.36%,0.25%,2.2,1139.87,1.88,409.91,2.62%,2144592,10/27/2021 4:30:00 PM,420.24,10/8/1980,411.06,0.28%,63.0,86,1.24,409.91,412.06,379.64,337.39,252.02,428.22,13.0,2.52,54.0,True
4358,KLIC,"Kulicke and Soffa Industries, Inc.",Technology,Semiconductor Equipment & Materials,Singapore,3762.12,10.14,10.78,0.51,2.48,3.32,5.09,15.44,0.96%,9.50%,5.78,600.30%,-6.16%,53.20%,20.00%,19.30%,723.30%,173.10%,61.97,60.59,2.70%,-6.69%,98.18%,4.45%,12.36%,6.05,27.10%,39.20%,33.30%,3.8,3.4,0.0,0.0,45.90%,27.20%,24.20%,-13.89%,-4.20%,-14.30%,3.77%,72.02%,84.22%,1.27,3.77,8.63%,6.17%,-3.20%,2.61%,3.43%,-20.22%,20.55%,-22.17%,87.58%,47.79,5.66%,0.38%,2.2,1238.39,1.41,58.6,6.06%,1742582,11/17/2021 4:30:00 PM,83.8,3/17/1980,59.0,0.68%,63.0,91,1.38,58.6,60.89,57.14,56.63,31.24,75.29,17.0,43.0,57.0,True
4379,KNX,Knight-Swift Transportation Holdings Inc.,Industrials,Trucking,USA,9923.0,16.12,12.39,0.86,1.82,1.6,36.79,20.21,0.66%,9.50%,3.76,33.80%,8.22%,11.10%,18.65%,31.60%,72.90%,35.70%,165.97,151.59,0.10%,-65.82%,90.90%,0.66%,5.03%,4.56,7.00%,10.40%,6.30%,1.6,1.6,0.32,0.33,63.90%,15.00%,11.60%,1.07%,2.02%,15.43%,34.52%,48.07%,45.10%,1.28,1.49,2.10%,2.51%,3.44%,8.14%,20.21%,-1.92%,28.64%,-1.92%,54.91%,62.79,-0.13%,0.02%,2.2,1670.44,0.7,60.68,-0.12%,1174003,10/20/2021 8:30:00 AM,66.26,12/16/2010,60.68,0.00%,63.0,82,1.16,60.68,58.57,55.88,50.39,39.17,61.45,18.0,9.2,54.333333333333336,True
4569,LIN,Linde plc,Basic Materials,Specialty Chemicals,United Kingdom,173980.94,50.24,29.16,2.9,5.84,3.97,37.02,49.72,1.24%,60.40%,6.79,17.40%,10.48%,-2.60%,17.32%,20.40%,42.70%,11.90%,515.17,511.5,0.10%,-0.95%,80.10%,-0.49%,0.50%,1.67,4.20%,7.80%,3.90%,0.8,0.7,0.26,0.38,43.90%,15.70%,12.00%,2.45%,2.20%,9.03%,18.84%,35.64%,29.54%,0.83,4.55,1.17%,1.26%,4.06%,6.24%,13.62%,0.35%,17.60%,0.35%,41.76%,69.51,1.49%,0.55%,2.0,1540.58,0.92,341.36,2.05%,1417033,10/28/2021 8:30:00 AM,351.41,10/31/2018,341.15,-0.06%,69.0,76,1.07,341.36,328.38,320.66,300.07,240.8,340.16,17.0,2.94,54.0,True
4586,LKQ,LKQ Corporation,Consumer Cyclical,Auto Parts,USA,16368.25,16.52,14.26,0.49,1.27,2.83,40.65,11.09,1.76%,7.20%,3.44,20.40%,3.16%,8.80%,33.50%,10.10%,51.60%,8.20%,294.03,289.67,0.30%,-0.21%,99.90%,-0.90%,1.99%,3.36,8.30%,17.80%,8.50%,1.8,0.8,0.4,0.4,40.60%,11.20%,8.10%,-1.52%,-3.43%,8.82%,20.24%,52.62%,61.32%,1.62,1.29,1.97%,2.18%,-1.68%,0.90%,12.83%,-5.33%,14.85%,-5.33%,66.67%,48.54,0.89%,0.00%,1.5,1709.8,0.69,56.85,0.89%,1183366,10/28/2021 8:30:00 AM,65.89,10/3/2003,56.85,0.00%,84.0,84,1.2,56.85,57.97,56.24,50.3,34.11,60.05,17.0,15.9,61.666666666666664,True
4629,LOW,"Lowe's Companies, Inc.",Consumer Cyclical,Home Improvement Retail,USA,171372.27,22.37,19.92,1.15,1.8,,,34.39,1.24%,22.50%,11.51,41.20%,8.25%,23.20%,19.45%,8.70%,198.70%,2.70%,690.0,673.17,0.05%,0.00%,77.50%,-2.60%,1.11%,2.3,16.60%,,28.80%,1.2,0.4,,,33.10%,12.40%,8.60%,0.31%,9.63%,23.53%,37.84%,57.68%,60.45%,1.3,5.96,2.54%,2.34%,2.53%,9.35%,25.81%,-2.19%,27.55%,-2.19%,70.74%,63.31,3.18%,-1.13%,1.9,3260.84,1.49,257.54,2.01%,4872755,11/17/2021 8:30:00 AM,269.37,12/19/1979,257.99,0.17%,72.0,86,1.24,257.54,250.32,234.56,204.27,150.84,261.48,16.0,4.59,58.0,True
4640,LPX,Louisiana-Pacific Corporation,Industrials,Building Products & Equipment,USA,6431.27,5.37,9.84,1.07,1.45,5.21,10.6,4.66,0.84%,4.80%,14.11,206.00%,-42.69%,56.50%,5.00%,8.10%,147.90%,53.30%,94.0,86.98,0.60%,4.00%,99.11%,-4.56%,5.02%,3.41,62.60%,105.90%,32.30%,2.8,2.1,0.25,0.25,47.20%,42.30%,32.60%,1.81%,13.40%,24.18%,33.50%,97.45%,103.82%,1.73,2.74,3.86%,3.86%,6.86%,13.19%,22.52%,-3.40%,29.75%,-3.40%,108.19%,62.84,1.39%,1.37%,2.4,1281.23,0.99,75.76,2.78%,1274536,11/2/2021 8:30:00 AM,76.88,12/29/1972,75.76,0.00%,56.0,94,1.57,75.76,70.57,66.69,61.7,36.39,78.43,26.0,1.48,58.666666666666664,True
4646,LRCX,Lam Research Corporation,Technology,Semiconductor Equipment & Materials,USA,97267.77,23.55,19.09,1.47,6.17,16.98,21.09,43.52,0.86%,17.40%,29.61,78.10%,5.59%,38.80%,16.06%,20.00%,47.90%,35.50%,141.74,140.5,0.20%,-14.94%,84.40%,-1.26%,1.46%,1.47,27.50%,75.10%,36.40%,3.3,2.4,0.86,0.86,46.20%,31.10%,27.10%,-2.34%,10.64%,13.23%,8.99%,40.78%,47.65%,1.17,22.74,3.38%,3.30%,4.15%,13.85%,14.37%,-3.14%,30.34%,-3.14%,49.80%,61.43,2.55%,0.12%,2.1,1403.91,0.95,697.31,2.66%,1337914,10/20/2021 4:30:00 PM,704.47,5/4/1984,698.15,0.12%,66.0,78,1.11,697.31,667.68,610.15,609.25,465.5,719.91,14.0,1.03,52.666666666666664,True
4655,LSCC,Lattice Semiconductor Corporation,Technology,Semiconductors,USA,10567.91,131.29,63.96,8.75,21.98,26.81,58.23,81.73,,0.00%,0.59,5.90%,18.33%,17.60%,15.00%,0.10%,111.90%,28.10%,136.64,134.74,0.90%,-39.79%,,-1.27%,2.34%,3.33,12.10%,21.30%,9.20%,3.4,2.8,0.37,0.41,61.50%,18.40%,17.30%,-3.09%,-7.14%,15.38%,49.84%,78.46%,68.49%,0.94,3.49,4.98%,4.44%,-1.59%,3.88%,31.09%,-9.65%,23.38%,-9.65%,106.53%,50.85,2.35%,0.55%,2.0,946.83,1.27,77.2,2.91%,1205764,11/2/2021 4:30:00 PM,79.3,11/9/1989,77.23,0.04%,69.0,92,1.4,77.2,78.95,74.13,58.77,37.38,85.45,27.0,2.72,62.666666666666664,True
4658,LSI,"Life Storage, Inc.",Real Estate,REIT - Industrial,USA,11869.28,51.34,41.6,10.27,16.17,3.6,87.15,119.29,2.04%,103.50%,2.83,-13.60%,16.10%,0.20%,5.00%,11.00%,155.10%,33.30%,78.96,76.03,0.30%,-22.59%,94.10%,0.10%,1.60%,2.39,4.20%,8.00%,5.10%,,,0.69,0.69,67.80%,40.90%,29.50%,2.72%,8.93%,17.41%,36.07%,84.61%,82.41%,0.4,3.23,2.22%,2.33%,6.69%,10.99%,29.77%,1.06%,27.92%,1.06%,94.19%,69.4,2.72%,0.04%,1.8,509.15,1.76,145.19,2.75%,895968,11/2/2021 4:30:00 PM,150.7,6/21/1995,146.0,0.56%,75.0,93,1.44,145.19,135.81,130.34,111.6,75.54,144.51,15.0,3.8,61.0,True
4709,LYV,"Live Nation Entertainment, Inc.",Communication Services,Entertainment,USA,23664.61,,129.46,,6.22,,5.11,30.83,,,-4.19,62.10%,124.70%,22.50%,,-23.80%,107.80%,677.40%,216.89,150.39,1.90%,0.00%,73.30%,2.43%,8.93%,5.81,-7.60%,142.30%,-36.60%,1.2,1.2,,,32.90%,-15.70%,-23.60%,-3.67%,-8.21%,22.59%,24.67%,45.44%,44.83%,1.29,5.14,4.08%,4.30%,-2.70%,-0.20%,17.36%,-16.70%,9.16%,-16.70%,61.54%,47.14,-1.80%,0.17%,2.2,2312.41,1.11,106.42,-1.64%,2574080,11/4/2021 4:30:00 PM,114.17,12/14/2005,106.77,0.33%,63.0,81,1.15,106.42,109.65,106.39,90.58,65.88,127.75,22.0,7.28,55.333333333333336,True
4878,MIDD,The Middleby Corporation,Industrials,Specialty Industrial Machinery,USA,10571.79,24.67,19.99,0.87,3.4,4.6,42.03,20.34,,0.00%,7.75,-40.60%,21.76%,2.30%,28.20%,6.60%,181.40%,28.80%,55.23,55.01,0.70%,-3.14%,97.40%,0.40%,8.37%,12.98,8.10%,20.80%,7.10%,1.8,1.0,0.81,0.82,36.50%,18.80%,14.10%,4.37%,1.71%,9.96%,17.32%,42.40%,48.39%,1.66,5.94,3.01%,3.24%,4.31%,6.08%,8.88%,-1.30%,15.03%,-2.64%,54.37%,62.11,1.31%,0.00%,1.9,354.61,1.17,191.31,1.31%,415667,11/9/2021 8:30:00 AM,217.0,7/28/1987,191.31,0.00%,72.0,80,1.14,191.31,183.47,180.04,175.58,123.93,196.49,17.0,13.43,56.333333333333336,True
4883,MIME,Mimecast Limited,Technology,Software - Infrastructure,United Kingdom,5284.58,120.98,51.07,7.33,9.55,11.4,14.41,47.61,,0.00%,0.66,10.50%,12.85%,50.40%,16.50%,28.70%,66.70%,20.00%,65.98,62.33,1.30%,-31.87%,89.30%,4.89%,2.26%,1.49,4.70%,11.20%,6.40%,1.5,1.5,0.16,0.18,76.40%,9.30%,8.00%,0.29%,-4.04%,14.25%,48.48%,64.10%,39.62%,1.48,2.55,0.58%,3.57%,-0.45%,6.06%,36.51%,-7.16%,28.35%,-7.16%,104.33%,53.09,0.06%,-0.19%,2.1,945.19,5.2,79.36,-0.13%,4912107,11/2/2021 8:30:00 AM,82.62,11/19/2015,79.63,0.34%,66.0,88,1.27,79.36,79.89,74.51,57.96,38.84,85.48,20.0,4.11,58.0,True
4916,MLI,"Mueller Industries, Inc.",Industrials,Metal Fabrication,USA,3338.37,8.71,8.82,0.73,0.96,2.95,31.85,18.9,0.89%,7.20%,6.68,38.00%,5.60%,9.90%,12.00%,2.70%,297.30%,58.60%,56.08,55.77,2.20%,0.91%,91.60%,-0.31%,0.93%,2.02,22.50%,41.30%,15.60%,2.7,1.7,0.11,0.11,20.70%,15.20%,10.90%,-1.39%,-3.37%,37.38%,33.75%,63.38%,65.71%,1.22,1.83,2.86%,2.92%,0.10%,8.75%,26.09%,-7.75%,40.99%,-7.75%,70.87%,56.23,2.70%,0.60%,2.0,256.85,1.41,58.18,3.32%,362954,10/19/2021 8:30:00 AM,100.0,2/25/1991,58.18,0.00%,69.0,88,1.29,58.18,58.41,53.26,46.08,34.05,63.07,17.0,71.88,58.0,True
4975,MOH,"Molina Healthcare, Inc.",Healthcare,Healthcare Plans,USA,17869.74,31.18,18.6,1.47,0.7,7.21,2.46,6.51,,0.00%,10.07,-2.60%,26.12%,34.40%,21.14%,6.50%,-21.20%,40.20%,58.4,57.88,0.30%,-4.53%,97.50%,0.42%,1.27%,2.92,5.70%,25.80%,17.40%,1.5,1.5,0.93,0.0,15.00%,3.60%,2.30%,5.61%,1.68%,16.46%,25.71%,53.89%,47.64%,0.71,8.02,2.38%,2.78%,5.59%,6.66%,18.97%,-0.64%,19.90%,-0.64%,60.14%,63.34,2.22%,0.32%,2.4,252.24,1.1,314.0,2.55%,278302,10/27/2021 4:30:00 PM,324.6,7/2/2003,314.0,0.00%,56.0,86,1.23,314.0,298.17,293.93,263.58,196.08,316.04,14.0,3.38,52.0,True
5044,MSFT,Microsoft Corporation,Technology,Software - Infrastructure,USA,2443303.03,37.41,31.78,2.26,13.86,16.54,18.71,56.1,0.74%,24.90%,8.95,39.70%,14.41%,25.70%,16.53%,13.00%,49.00%,22.00%,7513.0,7502.84,0.07%,-18.57%,71.90%,0.10%,0.54%,1.55,21.20%,48.60%,28.20%,2.2,2.1,0.41,0.44,68.90%,42.10%,38.50%,-0.10%,-0.42%,9.64%,28.27%,56.28%,50.46%,0.87,7.57,2.34%,2.14%,-0.07%,3.43%,18.91%,-4.30%,17.82%,-4.30%,57.90%,52.76,1.81%,0.11%,1.6,26366.04,1.33,334.65,1.92%,35019219,10/26/2021 4:30:00 PM,363.88,3/13/1986,334.9,0.07%,81.0,84,1.2,334.65,335.02,322.55,280.94,211.94,349.67,14.0,8.73,59.666666666666664,True
5071,MTH,Meritage Homes Corporation,Consumer Cyclical,Residential Construction,USA,4353.18,7.0,5.12,0.64,0.86,1.59,7.74,,,0.00%,17.02,71.40%,21.05%,28.90%,10.90%,11.80%,84.80%,10.70%,37.65,36.66,0.80%,-31.75%,99.60%,-0.22%,2.63%,3.21,15.50%,25.40%,12.60%,,,0.41,0.41,20.20%,16.60%,12.90%,-0.32%,4.24%,13.15%,25.90%,39.99%,43.93%,1.69,3.89,3.75%,3.26%,1.18%,7.52%,15.98%,-4.65%,24.17%,-4.65%,52.82%,56.12,3.37%,0.22%,2.4,300.06,1.23,119.2,3.60%,367710,10/27/2021 4:30:00 PM,138.12,7/21/1988,118.25,-0.80%,56.0,78,1.1,119.2,117.73,110.49,102.62,78.0,123.28,22.0,15.87,52.0,True
5079,MTRN,Materion Corporation,Basic Materials,Other Industrial Metals & Mining,USA,1771.47,31.09,18.02,2.59,1.22,2.57,98.42,,0.55%,16.50%,2.82,-71.00%,27.64%,-13.80%,12.00%,2.80%,230.80%,35.10%,20.44,20.16,0.40%,0.00%,97.40%,2.52%,1.22%,2.68,5.20%,8.60%,2.10%,3.2,1.4,0.14,0.14,18.10%,4.50%,4.00%,-1.48%,-5.57%,24.82%,14.70%,47.34%,37.49%,1.35,2.36,2.59%,2.49%,-1.43%,6.17%,16.80%,-8.36%,28.35%,-8.36%,52.71%,52.3,1.40%,0.24%,1.5,91.93,1.23,87.61,1.65%,112948,11/2/2021 8:30:00 AM,102.5,9/21/1972,87.61,0.00%,84.0,81,1.15,87.61,89.19,82.17,74.94,58.22,95.6,13.0,17.0,59.333333333333336,True
5120,MXL,"MaxLinear, Inc.",Technology,Semiconductors,USA,5420.33,,23.6,,6.46,12.43,32.0,27.49,,,-0.16,-381.10%,17.50%,-11.20%,17.50%,9.80%,123.20%,46.70%,76.58,70.88,2.20%,-18.97%,87.50%,1.64%,3.01%,3.87,-1.10%,-2.60%,-11.20%,1.8,1.3,0.71,0.71,52.10%,0.80%,-1.30%,-0.03%,7.62%,41.70%,85.82%,135.34%,94.24%,1.97,3.46,5.33%,4.94%,5.69%,18.88%,57.99%,-2.21%,62.36%,-2.21%,143.45%,61.54,2.87%,-0.19%,2.1,550.98,1.42,74.18,2.67%,783683,10/27/2021 4:30:00 PM,72.1,3/24/2010,74.18,0.00%,66.0,97,1.85,74.18,70.11,61.95,46.79,30.47,74.95,18.0,-2.8,60.333333333333336,True
5162,NAVI,Navient Corporation,Financial,Credit Services,USA,3457.85,4.26,6.94,0.57,1.82,1.31,3.29,5.83,2.96%,12.50%,5.07,-17.50%,-30.01%,-3.90%,7.42%,-8.00%,-2.90%,1.70%,165.0,149.46,0.10%,0.00%,88.50%,-7.55%,3.61%,2.62,1.10%,34.50%,0.50%,,,27.77,28.8,,62.00%,48.10%,3.90%,6.41%,-8.05%,11.63%,127.50%,119.86%,1.74,0.61,2.69%,2.79%,6.17%,7.90%,14.42%,-0.58%,18.63%,-9.29%,138.04%,65.12,0.23%,0.09%,2.2,2057.7,1.78,21.59,0.33%,3670453,10/26/2021 4:30:00 PM,21.5,4/17/2014,21.56,-0.14%,63.0,97,1.82,21.59,20.3,19.97,18.83,9.07,23.8,18.0,-0.42,59.333333333333336,True
5196,NDSN,Nordson Corporation,Industrials,Specialty Industrial Machinery,USA,15382.9,43.6,30.13,3.35,6.63,7.58,88.31,35.38,0.58%,25.00%,6.17,-27.40%,12.31%,4.30%,13.00%,4.70%,62.60%,20.20%,58.11,51.59,0.40%,-7.30%,71.60%,-0.34%,0.55%,1.8,9.90%,19.00%,10.30%,2.5,1.8,0.39,0.41,55.60%,21.60%,15.60%,0.89%,1.36%,10.58%,23.58%,33.29%,33.92%,0.97,6.06,2.04%,2.20%,1.74%,4.75%,17.83%,-1.16%,14.96%,-1.16%,50.68%,57.81,1.51%,0.21%,2.2,155.89,1.93,269.12,1.72%,301012,12/15/2021 4:30:00 PM,283.33,3/18/1980,263.0,-2.27%,63.0,77,1.09,269.12,264.62,256.45,228.05,178.61,272.28,20.0,5.28,53.333333333333336,True
5230,NFG,National Fuel Gas Company,Energy,Oil & Gas Integrated,USA,5759.0,15.92,11.45,1.87,3.3,3.22,182.83,,2.88%,44.90%,3.97,381.90%,8.82%,25.80%,8.50%,3.70%,159.20%,23.60%,91.18,89.77,1.10%,-0.69%,73.60%,-1.34%,2.38%,5.19,5.00%,18.30%,11.10%,0.4,0.4,1.47,1.56,90.10%,35.80%,20.90%,0.96%,4.14%,21.56%,19.02%,44.72%,53.51%,0.72,1.42,2.17%,2.17%,4.08%,6.84%,18.23%,0.27%,15.55%,0.27%,58.64%,64.68,0.45%,0.35%,2.3,411.17,1.01,63.14,0.80%,415386,11/4/2021 4:30:00 PM,61.67,7/25/1955,63.14,0.00%,59.0,81,1.15,63.14,60.64,58.99,53.33,39.8,63.15,19.0,-2.33,53.0,True
5334,NPO,"EnPro Industries, Inc.",Industrials,Specialty Industrial Machinery,USA,2225.77,34.13,16.13,6.69,1.96,1.96,6.74,34.35,1.00%,33.10%,3.17,-472.00%,23.11%,-8.50%,5.10%,-2.30%,202.80%,5.50%,20.6,20.46,0.10%,2.44%,98.10%,-1.19%,0.64%,1.35,3.20%,6.00%,1.30%,3.2,2.5,0.43,0.43,38.60%,8.70%,5.90%,0.26%,-0.82%,31.59%,14.13%,45.70%,43.42%,1.5,3.44,2.38%,2.94%,0.75%,9.59%,18.06%,-3.70%,27.65%,-3.70%,52.36%,59.05,1.92%,0.06%,1.3,96.24,2.26,108.31,1.98%,217065,11/5/2021 8:30:00 AM,130.0,5/24/2002,108.31,0.00%,91.0,81,1.15,108.31,107.74,98.52,91.64,71.09,112.47,18.0,20.03,63.333333333333336,True
5362,NSIT,"Insight Enterprises, Inc.",Technology,Information Technology Services,USA,3535.5,17.75,13.31,2.39,0.39,2.46,32.92,,,0.00%,5.77,9.90%,8.90%,19.70%,7.44%,9.20%,37.20%,26.40%,34.85,34.26,0.70%,-23.88%,,-0.65%,7.43%,15.87,4.80%,15.10%,12.10%,1.5,1.4,0.36,0.36,15.30%,3.50%,2.30%,0.34%,-2.25%,11.14%,1.47%,37.99%,34.49%,1.76,2.79,2.41%,2.83%,0.60%,3.55%,4.11%,-5.12%,13.48%,-5.12%,41.26%,54.63,1.83%,0.09%,1.5,160.46,1.58,102.33,1.92%,253771,11/4/2021 8:30:00 AM,120.33,1/24/1995,102.33,0.00%,84.0,75,1.06,102.33,102.04,98.7,98.22,72.44,107.86,24.0,17.59,61.0,True
5427,NVEE,"NV5 Global, Inc.",Industrials,Engineering & Construction,USA,1951.84,50.63,26.18,2.84,2.87,3.07,16.08,20.88,,0.00%,2.51,-12.90%,9.75%,7.00%,17.85%,33.60%,37.20%,9.20%,14.59,11.96,1.70%,-35.66%,65.10%,1.96%,1.93%,1.85,4.00%,6.80%,5.20%,2.6,2.6,0.25,0.28,50.30%,8.30%,5.30%,-1.31%,16.36%,25.00%,40.27%,73.41%,61.20%,0.84,4.38,3.01%,3.53%,3.68%,13.53%,28.07%,-5.05%,31.30%,-5.05%,81.41%,61.99,1.66%,0.50%,1.9,124.5,0.67,126.99,2.16%,83750,11/9/2021 4:30:00 PM,131.14,9/30/2013,126.99,0.00%,72.0,90,1.34,126.99,121.85,111.39,99.05,72.55,133.75,26.0,3.27,62.666666666666664,True
5552,OMCL,"Omnicell, Inc.",Healthcare,Health Information Services,USA,7642.97,102.31,42.43,6.82,7.14,6.9,15.53,33.95,,0.00%,1.72,-48.50%,8.83%,-2.60%,15.00%,13.00%,200.90%,38.70%,43.65,43.39,0.90%,-33.19%,,2.11%,6.16%,9.48,4.20%,7.70%,2.70%,2.6,2.3,0.43,0.43,49.50%,9.20%,7.50%,-2.91%,-2.19%,9.19%,20.90%,52.56%,46.36%,1.06,5.18,3.08%,2.91%,-2.16%,1.40%,15.73%,-6.21%,13.79%,-6.21%,56.76%,46.82,-2.23%,0.00%,2.0,282.12,1.94,175.66,-2.23%,547211,11/2/2021 8:30:00 AM,188.0,8/7/2001,175.66,0.00%,69.0,84,1.19,175.66,179.44,172.71,151.52,112.06,187.29,22.0,7.02,58.333333333333336,True
5581,ONTO,Onto Innovation Inc.,Technology,Semiconductors,USA,4886.4,41.24,21.23,3.44,6.8,3.45,10.59,33.06,,0.00%,2.33,885.20%,21.10%,39.40%,12.00%,24.30%,344.80%,58.60%,49.36,48.61,0.90%,-30.65%,99.50%,-1.75%,1.90%,3.58,7.50%,8.80%,2.40%,6.0,4.5,0.0,0.0,53.00%,16.90%,16.10%,-2.10%,8.77%,21.66%,33.57%,103.82%,101.89%,1.17,4.0,4.10%,4.20%,3.39%,13.91%,31.55%,-5.19%,37.50%,-5.19%,108.92%,61.28,4.07%,0.41%,1.8,257.62,1.6,96.0,4.50%,413265,11/4/2021 4:30:00 PM,107.0,11/28/1984,96.0,0.00%,75.0,94,1.59,96.0,92.86,83.96,72.86,45.95,101.26,40.0,11.46,69.66666666666667,True
5589,OPCH,"Option Care Health, Inc.",Healthcare,Medical Care Facilities,USA,4664.7,58.39,29.46,5.84,1.41,4.35,23.22,32.57,,0.00%,0.45,90.80%,50.00%,70.00%,10.00%,25.30%,,14.10%,179.87,142.4,0.10%,-99.80%,97.70%,1.54%,1.20%,1.7,3.00%,7.90%,5.60%,1.7,1.3,1.02,1.03,22.70%,5.60%,2.50%,1.84%,-1.38%,3.76%,27.88%,81.20%,69.50%,1.32,0.97,3.70%,3.99%,2.01%,1.83%,19.23%,-7.29%,15.26%,-7.29%,85.26%,53.8,1.45%,0.23%,1.6,1000.94,1.1,26.51,1.69%,1103951,11/4/2021 8:30:00 AM,32.0,8/15/1996,26.51,0.00%,81.0,93,1.44,26.51,26.05,26.02,22.2,14.31,28.6,56.0,20.71,76.66666666666667,True
5619,ORLY,"O'Reilly Automotive, Inc.",Consumer Cyclical,Specialty Retail,USA,45596.38,23.81,22.36,1.94,3.54,,101.48,17.47,,0.00%,28.86,31.60%,4.32%,20.70%,12.30%,7.80%,14.10%,8.50%,68.61,66.51,0.30%,-53.24%,82.60%,-2.00%,1.05%,1.71,17.30%,,44.70%,0.8,0.2,,,52.50%,21.60%,15.80%,1.85%,5.76%,13.24%,27.84%,53.03%,51.85%,0.99,13.65,1.91%,2.15%,5.02%,7.11%,18.73%,0.51%,15.35%,0.51%,62.07%,65.88,2.86%,0.12%,2.2,410.62,1.01,687.21,2.97%,416130,10/27/2021 4:30:00 PM,701.19,4/23/1993,688.0,0.11%,63.0,84,1.19,687.21,654.23,640.53,577.82,424.03,686.63,17.0,2.03,54.666666666666664,True
5668,OXM,"Oxford Industries, Inc.",Consumer Cyclical,Apparel Manufacturing,USA,1662.33,17.55,12.47,1.76,1.56,3.42,9.21,,1.72%,,5.55,-242.60%,1.55%,-29.40%,10.00%,-5.00%,929.80%,71.20%,16.64,15.94,2.30%,-0.25%,91.60%,3.70%,2.61%,3.96,,,-23.10%,1.6,1.2,0.0,0.0,63.60%,,,-6.85%,-5.85%,12.39%,-3.02%,68.46%,48.74%,1.71,3.71,4.54%,3.78%,-4.21%,0.10%,4.76%,-11.72%,9.82%,-14.88%,75.50%,45.55,0.47%,0.00%,2.4,104.77,1.35,97.44,0.47%,141137,12/8/2021 4:30:00 PM,124.0,7/2/1962,97.44,0.00%,56.0,89,1.32,97.44,102.1,97.3,92.93,57.0,114.47,13.0,27.26,52.666666666666664,True
5777,PDFS,"PDF Solutions, Inc.",Technology,Software - Application,USA,1147.67,,106.7,,11.09,5.07,8.13,98.94,,,-1.3,-600.70%,763.64%,-38.20%,20.00%,-2.10%,16.10%,28.10%,37.22,29.67,4.90%,-0.16%,69.60%,-0.25%,1.19%,2.95,-17.30%,-21.20%,-16.70%,4.5,4.5,0.0,0.0,59.10%,-18.90%,-46.30%,-3.98%,-7.34%,33.96%,71.13%,32.33%,40.79%,1.37,1.28,3.97%,3.56%,-1.80%,11.70%,43.86%,-9.98%,35.40%,-9.98%,84.98%,54.94,2.43%,0.58%,2.0,119.48,1.1,30.41,3.01%,130948,11/9/2021 4:30:00 PM,34.25,7/27/2001,30.41,0.00%,69.0,76,1.07,30.41,31.15,27.11,21.08,16.44,33.78,19.0,12.63,54.666666666666664,True
5901,PIPR,Piper Sandler Companies,Financial,Capital Markets,USA,3132.96,14.18,11.29,1.42,1.74,2.5,5.49,8.06,1.27%,12.20%,12.18,-57.30%,-20.26%,-5.20%,10.00%,12.50%,215.70%,45.90%,14.21,13.63,2.70%,-14.27%,67.60%,-1.18%,1.37%,2.41,10.30%,22.70%,4.60%,,,0.18,0.0,98.50%,19.10%,11.50%,0.34%,-2.87%,32.76%,41.27%,72.92%,79.71%,1.38,5.95,3.56%,3.41%,-0.78%,4.37%,29.77%,-8.27%,23.08%,-8.27%,99.61%,53.22,0.65%,0.24%,2.3,77.31,2.03,172.71,0.89%,157020,10/29/2021 8:30:00 AM,188.8,12/19/2003,172.71,0.00%,59.0,88,1.28,172.71,176.23,168.69,136.69,90.84,193.6,18.0,9.32,55.0,True
5915,PKI,"PerkinElmer, Inc.",Healthcare,Diagnostics & Research,USA,24002.94,18.96,29.19,0.5,4.75,3.14,49.25,16.69,0.15%,2.80%,10.05,212.40%,-39.51%,31.30%,37.90%,12.40%,-29.40%,21.00%,114.51,102.04,0.10%,-12.31%,84.00%,-2.24%,3.59%,4.72,11.20%,23.90%,14.00%,2.0,1.4,0.73,0.73,57.90%,30.30%,22.40%,0.13%,3.93%,2.52%,27.30%,31.24%,32.79%,1.06,5.94,2.56%,3.34%,3.28%,6.99%,19.00%,-1.07%,17.16%,-1.07%,58.86%,58.82,4.13%,0.44%,2.1,776.03,2.18,190.56,4.59%,1687969,11/2/2021 4:30:00 PM,188.82,7/6/1965,190.0,-0.29%,66.0,75,1.06,190.56,184.73,177.94,159.88,119.95,192.63,14.0,-0.91,51.666666666666664,True
5989,POOL,Pool Corporation,Consumer Cyclical,Leisure,USA,22213.91,38.42,34.05,2.26,4.36,23.1,266.03,97.47,0.56%,18.40%,14.77,40.20%,10.54%,25.40%,17.00%,10.70%,55.60%,23.90%,40.1,38.84,0.60%,-38.63%,95.20%,0.56%,3.65%,6.36,28.80%,76.30%,35.90%,2.3,0.8,0.36,0.37,30.10%,15.30%,11.80%,0.49%,-0.41%,20.58%,30.01%,62.72%,52.36%,0.84,14.12,2.54%,2.42%,1.11%,9.06%,24.91%,-2.53%,30.06%,-2.53%,85.80%,60.14,1.51%,0.07%,2.3,222.94,1.88,567.55,1.58%,419945,10/21/2021 8:30:00 AM,566.71,10/13/1995,572.65,0.90%,59.0,87,1.26,567.55,562.17,518.06,453.24,305.47,582.27,17.0,-0.15,54.333333333333336,True
6183,PZZA,"Papa John's International, Inc.",Consumer Cyclical,Restaurants,USA,4872.41,,35.89,,2.42,,46.05,28.1,1.06%,351.40%,-0.32,628.70%,9.27%,-7.50%,15.00%,2.10%,127.00%,8.40%,36.39,34.72,1.00%,-66.54%,99.60%,-3.14%,4.04%,3.98,1.10%,-4.70%,90.90%,0.9,0.7,,,31.50%,8.80%,0.50%,-1.08%,0.60%,0.87%,27.09%,50.65%,55.07%,0.95,3.98,2.56%,3.23%,2.29%,3.71%,18.19%,-6.47%,11.72%,-6.47%,67.81%,55.37,3.67%,-0.95%,1.8,352.36,0.86,131.58,2.68%,304694,11/4/2021 8:30:00 AM,145.94,6/8/1993,131.58,0.00%,75.0,83,1.18,131.58,128.93,126.9,111.15,78.41,140.68,14.0,10.91,57.333333333333336,True
6372,REXR,"Rexford Industrial Realty, Inc.",Real Estate,REIT - Industrial,USA,11596.36,114.51,102.74,11.45,28.41,2.61,192.63,98.44,1.25%,134.90%,0.67,7.10%,9.18%,75.30%,10.00%,28.60%,8.00%,37.50%,138.76,,0.10%,-46.12%,,6.09%,,6.6,1.70%,2.70%,2.30%,,,0.34,0.34,76.10%,30.90%,22.10%,1.88%,9.66%,27.55%,31.07%,59.45%,56.69%,0.68,1.61,2.33%,2.20%,6.53%,13.73%,29.29%,0.42%,37.80%,0.42%,67.65%,72.5,2.14%,0.49%,1.7,1152.91,1.43,76.95,2.64%,1650473,10/20/2021 4:30:00 PM,77.81,7/19/2013,76.95,0.00%,78.0,86,1.23,76.95,72.03,67.33,59.38,45.9,76.93,14.0,1.12,59.333333333333336,True
6440,RMBS,Rambus Inc.,Technology,Semiconductors,USA,3148.68,1062.96,19.44,106.51,10.43,3.69,7.5,19.36,,0.00%,0.03,53.90%,9.17%,-17.10%,9.98%,-3.60%,128.90%,42.90%,108.99,107.71,0.20%,-1.82%,87.60%,-2.88%,4.95%,6.22,0.30%,0.40%,-4.50%,6.6,6.5,0.19,0.19,78.10%,2.40%,1.10%,-1.95%,18.84%,21.82%,28.99%,56.74%,64.38%,0.99,0.95,3.32%,3.78%,4.93%,15.84%,28.31%,-2.74%,32.56%,-2.74%,68.13%,66.3,1.45%,0.39%,2.3,857.74,0.96,28.7,1.85%,820915,11/1/2021 4:30:00 PM,28.83,5/14/1997,28.7,0.00%,59.0,87,1.26,28.7,27.18,24.67,22.33,17.07,29.51,16.0,0.45,54.0,True
6478,ROG,Rogers Corporation,Technology,Electronic Components,USA,5073.56,50.81,33.51,,5.56,4.61,22.97,49.45,,0.00%,5.33,5.70%,14.26%,1.50%,,4.60%,255.60%,18.00%,18.74,18.57,0.10%,-14.12%,98.44%,1.00%,4.41%,2.73,7.70%,9.50%,4.60%,4.0,3.2,0.0,0.0,38.50%,13.80%,11.00%,-0.61%,0.28%,42.30%,38.94%,76.11%,74.25%,1.64,1.37,0.41%,0.53%,-0.19%,13.42%,32.35%,-0.88%,49.98%,-0.88%,85.31%,72.43,-0.26%,0.00%,1.4,300.86,1.78,270.59,-0.26%,534141,11/4/2021 4:30:00 PM,277.6,3/17/1980,270.59,0.00%,88.0,92,1.41,270.59,271.01,236.84,204.02,146.02,273.0,23.0,2.59,67.66666666666667,True
6479,ROIC,Retail Opportunity Investments Corp.,Real Estate,REIT - Retail,USA,2295.89,44.68,56.69,5.59,8.08,1.81,25.17,25.57,2.32%,73.20%,0.42,-34.60%,4.04%,1.30%,8.00%,8.10%,217.70%,2.30%,120.62,118.31,2.56%,0.00%,97.47%,3.80%,4.13%,4.68,1.90%,4.40%,3.70%,,,1.05,1.05,84.80%,40.70%,18.90%,0.69%,1.93%,7.84%,5.38%,36.91%,41.82%,1.48,0.51,2.14%,2.85%,3.42%,3.97%,7.69%,0.10%,10.66%,0.10%,48.48%,60.25,1.99%,0.22%,2.3,1043.92,1.63,18.99,2.21%,1703050,10/26/2021 4:30:00 PM,19.8,10/30/2007,18.99,0.00%,59.0,77,1.09,18.99,18.38,18.26,17.62,12.79,18.97,39.0,4.27,58.333333333333336,True
6657,SCHW,The Charles Schwab Corporation,Financial,Capital Markets,USA,153986.54,31.04,22.47,1.47,8.35,3.24,4.49,20.25,0.88%,27.30%,2.63,-20.60%,12.06%,15.60%,21.15%,13.20%,55.90%,85.00%,1888.0,1600.54,7.19%,-1.85%,87.80%,17.74%,0.78%,2.31,0.90%,10.50%,0.80%,,,0.41,8.8,97.60%,38.90%,26.90%,0.49%,-0.39%,15.29%,13.11%,59.84%,53.85%,1.03,2.15,2.40%,2.51%,1.40%,1.42%,12.02%,-3.42%,10.78%,-3.42%,63.14%,54.0,0.87%,0.14%,2.1,5432.99,0.97,81.6,1.00%,5244168,10/15/2021 8:30:00 AM,91.93,9/22/1987,81.63,0.04%,66.0,86,1.24,81.6,80.64,80.35,72.77,50.61,84.49,16.0,12.66,56.0,True
6752,SGH,"SMART Global Holdings, Inc.",Technology,Semiconductors,USA,1461.56,72.69,8.85,2.02,0.97,4.36,6.55,13.81,,0.00%,0.82,79.50%,5.54%,23.40%,36.06%,22.90%,161.70%,57.50%,22.59,21.92,3.70%,-78.62%,,0.20%,7.84%,3.44,2.10%,7.60%,5.90%,1.6,1.0,1.1,1.18,20.50%,3.70%,1.40%,-4.83%,2.64%,20.21%,29.96%,76.64%,59.18%,1.01,3.06,4.66%,5.19%,1.32%,8.76%,21.10%,-5.82%,41.21%,-5.82%,85.05%,54.87,3.12%,-0.65%,1.7,500.3,0.72,59.9,2.45%,361649,1/4/2022 4:30:00 PM,72.0,5/24/2017,61.9,3.34%,78.0,92,1.4,59.9,59.13,54.79,49.41,32.37,63.6,48.0,20.2,72.66666666666667,True
6924,SMPL,The Simply Good Foods Company,Consumer Defensive,Packaged Foods,USA,3593.29,93.66,24.12,9.88,3.57,3.05,47.72,28.47,,0.00%,0.4,-37.10%,12.15%,24.20%,9.48%,18.60%,-57.20%,16.90%,95.78,84.92,11.30%,-5.74%,92.10%,-1.06%,2.39%,5.52,2.00%,3.50%,8.50%,2.6,1.8,0.38,0.38,40.70%,17.80%,4.10%,-0.26%,-4.81%,8.18%,5.58%,47.12%,20.66%,1.05,1.09,2.64%,3.03%,-0.65%,0.02%,6.98%,-8.49%,11.69%,-8.49%,53.38%,49.33,0.08%,-0.29%,2.2,367.53,1.17,37.84,-0.21%,428971,10/22/2021 8:30:00 AM,41.73,7/10/2017,37.84,0.00%,63.0,81,1.15,37.84,38.19,37.78,35.33,24.67,41.35,45.0,10.28,63.0,True
6954,SNPS,"Synopsys, Inc.",Technology,Software - Infrastructure,USA,54101.06,74.94,46.39,5.03,12.87,10.71,35.36,45.7,,0.00%,4.82,23.60%,14.23%,24.40%,14.90%,10.40%,-21.90%,9.60%,152.63,152.1,0.30%,-57.35%,90.60%,0.89%,0.94%,2.05,9.80%,16.10%,12.00%,1.2,1.1,0.0,0.02,79.50%,17.80%,19.20%,-0.84%,4.50%,7.73%,36.27%,48.84%,39.37%,1.13,11.92,3.10%,3.29%,2.96%,8.61%,25.58%,-1.12%,25.22%,-1.12%,65.97%,56.76,4.12%,0.32%,1.9,694.37,1.76,361.3,4.44%,1224862,12/1/2021 4:30:00 PM,387.94,2/26/1992,361.3,0.00%,72.0,80,1.14,361.3,350.86,331.49,287.2,217.69,365.38,20.0,7.37,57.333333333333336,True
7013,SPGI,S&P Global Inc.,Financial,Financial Data & Stock Exchanges,USA,113966.12,41.28,32.74,4.42,14.11,62.53,,37.8,0.64%,25.60%,11.6,12.40%,7.14%,18.10%,9.34%,7.00%,75.10%,13.10%,240.9,240.49,0.21%,0.00%,96.40%,0.94%,8.07%,15.49,21.20%,241.20%,57.20%,2.3,2.3,2.23,2.23,73.20%,49.20%,34.70%,1.26%,4.29%,5.49%,19.69%,47.90%,45.70%,0.99,10.48,1.92%,2.30%,3.31%,5.21%,15.66%,-0.55%,14.80%,-0.55%,57.82%,59.53,1.61%,0.22%,1.8,1253.27,0.87,478.97,1.83%,1091145,10/26/2021 8:30:00 AM,506.08,2/14/1929,478.97,0.00%,75.0,82,1.17,478.97,463.09,454.14,413.45,303.5,476.17,21.0,5.66,59.333333333333336,True
7054,SPTN,SpartanNash Company,Consumer Defensive,Food Distribution,USA,892.38,14.2,13.09,,0.1,1.15,36.28,7.3,3.18%,44.50%,1.77,-29.60%,9.08%,4.80%,-8.79%,4.10%,-24.10%,0.60%,34.91,34.91,0.50%,-17.07%,83.10%,-1.07%,7.97%,11.55,2.80%,8.30%,7.60%,1.4,0.7,0.52,0.53,15.60%,1.10%,0.70%,4.18%,0.28%,21.82%,26.03%,42.26%,44.63%,0.73,0.71,2.40%,2.77%,2.95%,5.46%,19.78%,-3.67%,14.92%,-3.67%,50.69%,61.65,1.90%,0.41%,2.4,240.99,1.51,25.18,2.32%,364366,11/10/2021 4:30:00 PM,24.02,8/2/2000,25.18,0.00%,56.0,78,1.11,25.18,24.52,23.84,20.99,16.71,26.14,15.0,-4.61,49.666666666666664,True
7185,STX,Seagate Technology Holdings plc,Technology,Computer Hardware,Ireland,23053.05,15.26,11.27,0.7,2.01,39.3,23.26,33.61,2.56%,38.50%,6.85,41.60%,4.45%,45.50%,21.88%,-0.90%,164.50%,34.60%,226.0,221.76,0.30%,-75.18%,85.50%,0.54%,5.09%,4.71,18.50%,239.00%,25.30%,1.3,0.9,8.14,8.55,28.50%,15.90%,14.10%,-1.11%,-1.07%,23.24%,17.69%,58.43%,68.16%,1.06,3.68,3.04%,3.19%,1.52%,10.45%,17.98%,-10.60%,33.67%,-10.60%,80.10%,56.72,1.76%,0.27%,2.4,2395.04,0.66,104.53,2.04%,1575764,10/22/2021 8:30:00 AM,104.7,12/11/2002,104.54,0.01%,56.0,86,1.24,104.53,103.27,94.33,88.46,58.04,116.93,14.0,0.16,52.0,True
7256,SYNA,Synaptics Incorporated,Technology,Semiconductors,USA,11001.68,88.63,23.16,5.91,7.95,10.52,,,,0.00%,3.17,-39.10%,8.62%,1.80%,15.00%,-4.30%,-78.90%,13.50%,37.5,,1.30%,-14.96%,94.10%,-0.32%,,4.04,6.10%,12.90%,6.20%,2.5,2.2,0.39,0.39,48.80%,14.00%,8.90%,-3.36%,8.21%,50.67%,90.94%,234.41%,191.36%,1.16,11.42,3.70%,4.00%,0.77%,21.19%,64.94%,-6.19%,66.20%,-6.19%,254.54%,60.43,2.02%,1.86%,2.2,372.26,1.22,280.87,3.92%,454560,11/4/2021 4:30:00 PM,267.27,1/29/2002,280.88,0.00%,63.0,99,2.65,280.87,278.46,229.98,169.64,79.22,299.39,18.0,-4.84,60.0,True
7294,TBK,"Triumph Bancorp, Inc.",Financial,Banks - Regional,USA,3200.8,27.1,29.4,2.26,8.66,3.96,5.95,27.81,,0.00%,4.58,12.70%,-3.17%,10.00%,12.00%,26.70%,5.60%,17.40%,24.76,23.46,3.80%,-13.53%,85.10%,5.07%,4.80%,6.97,1.90%,15.80%,25.10%,,,0.28,0.33,,96.70%,31.20%,-6.19%,-4.98%,50.40%,62.45%,157.22%,155.63%,0.92,4.71,3.42%,3.67%,-4.18%,2.28%,34.64%,-8.75%,22.26%,-8.75%,178.40%,47.1,1.15%,0.51%,2.4,161.55,1.71,124.11,1.66%,276395,10/20/2021 4:30:00 PM,127.71,11/7/2014,124.11,0.00%,56.0,98,2.02,124.11,129.93,120.99,91.97,44.58,136.01,45.0,2.9,66.33333333333333,True
7350,TEL,TE Connectivity Ltd.,Technology,Electronic Components,Switzerland,51401.42,23.75,20.36,2.16,3.44,4.94,42.73,38.39,1.24%,28.50%,6.77,968.00%,12.48%,6.20%,11.00%,5.60%,244.10%,17.10%,327.0,325.68,0.10%,-56.54%,94.50%,-0.05%,1.18%,2.46,10.80%,22.50%,15.70%,1.6,1.0,0.34,0.38,32.70%,16.30%,15.20%,1.18%,-2.12%,11.79%,20.13%,36.33%,32.77%,1.33,3.57,1.89%,2.12%,0.85%,4.40%,13.29%,-3.42%,14.65%,-3.42%,39.56%,55.68,1.92%,0.39%,2.1,1558.12,0.7,160.75,2.32%,1093093,10/27/2021 8:30:00 AM,164.47,6/14/2007,160.75,0.00%,66.0,77,1.09,160.75,159.89,153.7,141.79,115.18,166.44,16.0,2.31,53.0,True
7358,TER,"Teradyne, Inc.",Technology,Semiconductor Equipment & Materials,USA,25873.11,30.48,25.59,1.98,7.23,10.49,19.71,31.56,0.25%,6.70%,5.31,64.50%,7.60%,34.60%,15.40%,13.70%,16.80%,16.00%,164.58,162.56,0.30%,-8.71%,98.70%,0.52%,2.21%,2.33,26.10%,41.20%,31.00%,3.3,3.0,0.04,0.06,59.50%,32.20%,27.60%,0.97%,9.31%,31.53%,24.98%,34.47%,35.09%,1.39,5.12,3.61%,3.48%,5.80%,18.35%,28.00%,0.26%,51.58%,0.26%,55.66%,66.75,2.51%,1.32%,2.2,1543.6,0.94,161.96,3.86%,1455931,10/26/2021 4:30:00 PM,156.75,10/19/1970,161.87,-0.06%,63.0,75,1.06,161.96,153.02,136.01,126.41,104.05,161.54,19.0,-3.22,52.333333333333336,True
7387,THC,Tenet Healthcare Corporation,Healthcare,Medical Care Facilities,USA,8242.79,7.93,12.09,,0.42,11.6,3.6,7.25,,0.00%,9.86,259.80%,2.49%,35.80%,-6.81%,-1.10%,320.10%,7.40%,107.05,105.61,0.70%,-34.77%,95.80%,1.05%,3.29%,4.04,4.10%,380.60%,11.20%,1.3,1.2,19.4,19.58,83.00%,15.20%,5.50%,3.02%,-2.54%,6.66%,13.93%,84.85%,95.82%,2.55,2.76,2.96%,3.55%,3.13%,8.49%,17.44%,-6.57%,29.26%,-6.57%,105.60%,58.45,2.96%,-0.42%,2.1,859.84,0.94,78.19,2.53%,806376,10/20/2021 4:30:00 PM,88.06,4/28/1971,78.19,0.00%,66.0,94,1.52,78.19,76.1,71.92,66.47,38.03,83.69,15.0,12.62,58.333333333333336,True
7401,THRY,"Thryv Holdings, Inc.",Communication Services,Internet Content & Information,USA,1239.08,6.12,16.06,,1.11,4.1,119.14,8.32,,0.00%,5.99,21.60%,-12.15%,15.40%,,-5.10%,112.50%,23.70%,33.79,31.83,1.10%,-89.88%,92.10%,1.18%,4.36%,3.55,14.90%,82.50%,33.30%,1.2,1.2,1.78,2.01,63.90%,18.10%,18.50%,-5.34%,3.50%,25.24%,2.95%,261.64%,171.63%,,2.32,6.13%,6.41%,-2.40%,9.32%,22.93%,-12.40%,34.13%,-12.40%,270.03%,51.37,-0.60%,-0.14%,1.6,390.66,0.69,36.67,-0.73%,268047,11/11/2021 8:30:00 AM,47.0,4/5/2017,36.67,0.00%,81.0,99,2.76,36.67,37.52,33.38,29.76,9.91,41.86,19.0,28.17,66.33333333333333,True
7464,TNDM,"Tandem Diabetes Care, Inc.",Healthcare,Medical Devices,USA,9312.82,420.82,195.85,,14.09,23.39,15.65,98.55,,0.00%,0.34,-33.20%,146.49%,53.20%,,46.90%,158.50%,45.30%,63.17,61.76,0.10%,-88.00%,98.40%,3.80%,7.01%,6.13,2.80%,6.10%,-1.10%,6.3,5.8,0.72,0.72,53.40%,4.30%,3.30%,2.98%,5.01%,17.25%,54.01%,59.93%,50.86%,0.36,6.37,4.00%,4.55%,8.04%,9.25%,35.31%,0.47%,22.41%,0.47%,89.45%,61.08,3.08%,7.17%,2.2,706.54,2.69,144.34,10.47%,1903174,11/3/2021 4:30:00 PM,151.43,11/14/2013,145.04,0.48%,63.0,89,1.31,144.34,134.51,132.09,106.54,76.19,145.85,39.0,4.91,63.666666666666664,True
7486,TPH,"Tri Pointe Homes, Inc.",Consumer Cyclical,Residential Construction,USA,2995.91,7.42,6.12,,0.78,1.31,5.1,6.99,,0.00%,3.68,48.20%,12.42%,11.30%,-0.60%,6.30%,92.60%,24.10%,112.78,110.44,0.20%,-72.63%,,0.52%,2.39%,2.3,10.60%,19.20%,7.80%,,,0.57,0.57,25.00%,14.80%,11.40%,-0.04%,7.18%,22.68%,25.26%,59.67%,58.38%,1.47,0.88,3.25%,3.40%,3.94%,9.86%,19.01%,-3.41%,25.72%,-3.41%,64.68%,60.19,2.48%,0.00%,2.3,1147.99,1.08,27.32,2.48%,1245398,10/21/2021 8:30:00 AM,31.71,1/31/2013,27.0,-1.17%,59.0,87,1.26,27.32,26.23,24.78,22.92,16.59,28.04,26.0,16.07,57.333333333333336,True
7508,TREX,"Trex Company, Inc.",Industrials,Building Products & Equipment,USA,15161.1,68.98,52.45,4.39,13.52,21.63,280.76,168.08,,0.00%,1.96,22.50%,21.89%,31.80%,15.70%,14.80%,73.50%,45.10%,115.34,114.6,0.60%,-7.83%,97.00%,-0.49%,5.62%,8.88,25.80%,35.60%,29.70%,2.6,2.2,0.0,0.0,38.80%,27.00%,20.20%,-3.76%,4.91%,24.85%,42.22%,62.96%,61.50%,1.38,4.56,2.76%,3.09%,0.46%,14.73%,28.36%,-4.09%,49.25%,-4.09%,69.29%,58.37,2.45%,-3.52%,2.4,725.59,1.77,135.21,-1.16%,1282246,11/8/2021 4:30:00 PM,125.85,4/8/1999,135.0,-0.16%,56.0,89,1.31,135.21,134.1,117.13,105.11,80.41,140.98,16.0,-6.92,53.666666666666664,True
7548,TSCO,Tractor Supply Company,Consumer Cyclical,Specialty Retail,USA,26502.72,30.24,27.24,2.6,2.16,13.4,23.84,50.99,0.88%,24.80%,7.84,36.90%,2.47%,16.30%,11.65%,11.30%,20.30%,15.80%,114.22,112.88,0.10%,-29.52%,88.30%,-2.67%,2.16%,3.28,12.20%,46.90%,26.40%,1.7,0.6,0.5,0.5,35.40%,9.70%,7.40%,0.76%,6.32%,13.16%,35.56%,67.91%,68.57%,0.9,5.22,2.42%,2.40%,3.41%,9.38%,22.39%,-0.38%,23.17%,-0.38%,71.54%,66.03,1.88%,-0.68%,2.3,741.06,1.0,236.97,1.19%,742246,10/21/2021 8:30:00 AM,226.12,2/18/1994,237.99,0.43%,59.0,88,1.29,236.97,228.78,215.97,193.26,138.14,236.81,14.0,-4.58,53.666666666666664,True
7616,TXT,Textron Inc.,Industrials,Aerospace & Defense,USA,16360.91,22.1,18.66,0.85,1.29,2.78,7.5,12.08,0.11%,2.30%,3.4,-61.50%,21.59%,-11.60%,25.90%,-2.80%,62.90%,9.30%,223.66,219.36,0.47%,-0.18%,86.80%,-2.18%,1.97%,3.82,5.00%,12.90%,3.80%,2.5,1.3,0.62,0.62,16.20%,6.70%,6.10%,0.07%,-1.85%,9.50%,14.54%,56.37%,55.49%,1.74,1.95,2.38%,2.57%,1.52%,1.48%,11.03%,-3.81%,9.04%,-3.81%,69.41%,53.53,2.38%,0.36%,2.1,1132.54,1.88,75.15,2.75%,2125865,10/28/2021 8:30:00 AM,86.0,12/22/1947,75.15,0.00%,66.0,87,1.26,75.15,74.3,74.03,67.59,44.36,78.13,20.0,14.44,57.666666666666664,True
7653,UCTT,"Ultra Clean Holdings, Inc.",Technology,Semiconductor Equipment & Materials,USA,2424.64,24.09,11.38,1.2,1.31,3.01,5.31,14.99,,0.00%,2.23,893.40%,12.93%,49.80%,20.00%,24.40%,18.40%,52.40%,44.8,44.02,0.70%,-11.50%,88.90%,-1.98%,1.53%,1.88,6.40%,14.50%,12.70%,2.6,1.8,0.68,0.71,20.40%,8.80%,5.20%,-8.46%,-9.78%,12.23%,-1.74%,58.85%,72.36%,1.99,3.0,6.23%,5.30%,-4.16%,3.88%,5.86%,-11.75%,31.06%,-17.82%,79.45%,47.71,3.81%,0.25%,1.7,357.27,0.97,53.69,4.07%,347118,10/27/2021 4:30:00 PM,72.58,3/25/2004,53.69,0.00%,78.0,88,1.29,53.69,56.51,51.53,50.71,29.92,65.33,44.0,35.18,70.0,True
7670,UFPI,"UFP Industries, Inc.",Basic Materials,Lumber & Wood Production,USA,5405.38,11.85,12.4,0.7,0.67,2.85,31.37,,0.68%,7.40%,7.4,37.40%,-6.66%,25.00%,17.00%,12.30%,54.60%,40.90%,61.84,60.43,1.20%,-3.40%,83.20%,-0.83%,1.17%,3.32,17.00%,29.30%,14.60%,2.9,1.5,0.17,0.17,15.30%,8.50%,6.10%,-4.28%,-0.71%,25.05%,22.14%,55.13%,57.79%,1.51,2.75,2.64%,2.79%,-1.35%,4.69%,13.80%,-5.84%,28.29%,-5.84%,66.70%,50.91,1.56%,-0.12%,2.0,213.72,2.14,87.65,1.45%,457925,10/20/2021 4:30:00 PM,93.83,11/10/1993,87.65,0.00%,69.0,87,1.25,87.65,88.98,83.39,76.9,52.58,93.09,14.0,7.05,56.666666666666664,True
7698,ULTA,"Ulta Beauty, Inc.",Consumer Cyclical,Specialty Retail,USA,21498.35,25.25,22.3,0.41,2.65,10.78,,26.13,,0.00%,15.63,-74.40%,3.39%,-9.00%,62.03%,9.40%,197.80%,28.60%,54.29,53.04,0.20%,-41.04%,92.70%,-0.05%,2.14%,1.48,17.00%,45.00%,9.10%,1.7,0.6,0.0,0.0,38.40%,14.10%,10.70%,-4.24%,-1.77%,3.21%,20.18%,47.49%,37.42%,1.66,14.39,3.24%,3.83%,-1.01%,1.62%,11.68%,-5.56%,11.16%,-5.56%,52.95%,50.37,1.27%,0.00%,2.3,766.32,1.19,394.61,1.27%,910573,12/2/2021 4:30:00 PM,451.12,10/25/2007,397.2,0.66%,59.0,81,1.15,394.61,399.56,388.06,353.12,258.0,417.85,44.0,14.32,61.333333333333336,True
7714,UNH,UnitedHealth Group Incorporated,Healthcare,Healthcare Plans,USA,460851.15,30.66,22.85,2.14,1.65,6.63,21.86,25.9,1.17%,33.10%,16.12,11.90%,14.80%,21.70%,14.35%,10.40%,29.80%,11.10%,943.0,936.57,0.10%,-25.52%,89.30%,0.14%,0.61%,1.92,7.50%,22.80%,16.00%,,,0.62,0.67,,7.90%,5.50%,5.44%,9.67%,18.60%,24.42%,45.55%,40.98%,0.85,8.58,1.77%,1.91%,8.64%,11.14%,20.30%,2.35%,28.13%,2.35%,54.32%,76.61,2.87%,0.24%,1.8,2980.92,1.39,494.38,3.11%,4128700,10/14/2021 8:30:00 AM,484.5,10/17/1984,496.5,0.43%,75.0,80,1.14,494.38,454.46,443.31,410.31,320.35,489.43,24.0,-2.0,59.666666666666664,True
7721,UNVR,Univar Solutions Inc.,Basic Materials,Chemicals,USA,4654.49,17.14,12.78,0.97,0.51,2.13,21.08,28.68,,0.00%,1.58,148.40%,2.57%,17.80%,17.75%,-1.60%,188.50%,23.80%,170.9,169.39,0.10%,-27.81%,99.85%,2.23%,1.13%,1.88,4.20%,13.60%,5.00%,1.8,1.3,1.02,1.05,24.80%,5.00%,3.00%,-3.53%,-6.60%,17.92%,5.87%,46.06%,42.29%,1.88,0.78,2.47%,2.67%,-1.91%,0.16%,9.72%,-9.14%,12.24%,-9.14%,50.53%,47.69,0.22%,0.82%,2.3,1016.65,1.19,27.05,1.05%,1208082,11/1/2021 4:30:00 PM,32.5,6/18/2015,27.05,0.00%,59.0,82,1.16,27.05,27.69,26.96,24.62,17.99,29.77,23.0,20.15,54.666666666666664,True
7881,VG,Vonage Holdings Corp.,Communication Services,Telecom Services,USA,5238.79,,107.01,,3.84,8.44,108.24,33.52,,,-0.07,-82.80%,11.49%,-27.10%,10.00%,6.90%,80.20%,13.20%,252.1,247.93,1.60%,-65.74%,96.90%,1.09%,7.69%,4.08,-1.20%,-2.70%,-0.40%,0.8,,0.73,0.73,52.10%,2.20%,-1.20%,-0.24%,20.84%,28.23%,43.07%,55.04%,61.24%,0.58,0.31,0.48%,0.97%,4.21%,17.26%,40.25%,-0.43%,37.03%,-0.43%,91.34%,74.56,0.19%,0.14%,2.0,4671.08,1.32,20.76,0.34%,6179199,11/4/2021 8:30:00 AM,20.4,5/24/2006,20.76,0.00%,69.0,86,1.24,20.76,19.75,17.61,14.77,10.85,20.85,27.0,-1.73,60.666666666666664,True
7952,VMC,Vulcan Materials Company,Basic Materials,Building Materials,USA,26819.99,42.26,32.76,2.21,5.24,4.26,197.64,64.92,0.72%,29.70%,4.88,-5.40%,26.86%,20.70%,19.15%,7.30%,-12.10%,15.80%,132.81,132.58,0.10%,-54.94%,90.70%,1.19%,1.27%,1.98,5.40%,10.40%,7.90%,2.0,1.4,0.61,0.62,25.90%,19.40%,12.60%,2.86%,2.14%,19.55%,24.22%,50.07%,39.07%,0.63,4.92,1.79%,2.24%,3.73%,7.62%,14.02%,-1.86%,22.67%,-1.86%,53.32%,61.37,1.08%,-0.04%,2.2,851.76,0.81,206.26,1.04%,688923,11/4/2021 8:30:00 AM,219.6,1/11/1950,206.26,0.00%,63.0,83,1.18,206.26,198.86,191.05,180.74,136.22,210.16,17.0,6.47,54.333333333333336,True
8164,WIRE,Encore Wire Corporation,Industrials,Electrical Equipment & Parts,USA,2710.17,6.63,13.74,0.66,1.19,2.3,9.19,24.57,0.06%,0.40%,20.48,33.00%,-56.08%,10.00%,10.00%,4.60%,734.30%,110.90%,20.42,19.7,0.10%,0.00%,89.70%,-6.35%,3.09%,2.4,36.30%,42.50%,8.90%,6.1,5.5,0.0,0.0,30.20%,24.00%,18.50%,3.14%,-4.80%,60.02%,72.22%,136.14%,124.17%,1.14,6.22,4.38%,4.65%,-2.51%,5.47%,49.39%,-10.46%,41.69%,-10.46%,147.39%,51.64,5.17%,-0.44%,1.5,253.43,1.44,135.78,4.71%,364911,10/26/2021 4:30:00 PM,160.0,7/16/1992,137.0,0.90%,84.0,97,1.87,135.78,140.35,128.23,90.61,54.89,151.64,17.0,17.84,66.0,True
8393,ZBRA,Zebra Technologies Corporation,Technology,Communication Equipment,USA,31093.92,38.15,30.53,3.81,5.69,11.35,101.28,25.68,,0.00%,15.68,-7.20%,7.07%,38.10%,10.00%,4.00%,71.10%,26.90%,53.42,53.17,0.40%,-30.03%,88.00%,-0.60%,0.95%,2.0,15.20%,33.90%,17.60%,1.0,0.7,0.33,0.35,47.10%,18.10%,15.50%,-1.19%,1.26%,2.30%,19.14%,56.00%,55.64%,1.55,17.3,2.66%,2.90%,-0.01%,5.94%,12.64%,-2.73%,21.59%,-2.73%,64.79%,52.98,1.41%,0.69%,2.2,254.04,0.68,598.19,2.10%,173193,11/2/2021 8:30:00 AM,630.91,8/15/1991,598.19,0.00%,63.0,87,1.25,598.19,598.18,562.85,530.6,363.0,615.0,18.0,5.47,56.0,True
8435,ZTS,Zoetis Inc.,Healthcare,Drug Manufacturers - Specialty & Generic,USA,109191.32,55.9,44.79,4.12,14.34,23.51,33.37,81.55,0.43%,22.80%,4.15,9.90%,11.32%,38.30%,13.57%,7.00%,15.80%,11.40%,474.0,472.05,0.23%,-9.14%,92.90%,-0.12%,0.52%,1.61,14.40%,46.90%,14.90%,4.5,3.3,1.41,1.41,70.00%,31.50%,26.00%,1.07%,7.41%,14.45%,24.48%,43.29%,40.23%,0.65,4.4,1.76%,2.03%,3.22%,7.98%,21.50%,-0.41%,19.97%,-0.41%,64.12%,65.27,0.85%,0.90%,1.7,1523.78,1.21,232.08,1.76%,1841625,11/4/2021 8:30:00 AM,241.5,2/1/2013,232.84,0.33%,78.0,80,1.14,232.08,224.22,214.23,190.66,141.41,231.91,22.0,4.06,60.0,True
